id,name,team,position,y1_points,y1_rank,y2_points,y2_rank,y3_points,y3_rank,y1_average,y2_average,y3_average,y1_games,y2_games,y3_games,y1_price,y2_price,y3_price
203932,Aaron Gordon,Denver Nuggets,F,1698.0,144,2681.5,48,3416.0,42,34.0,43.2,43.8,50,62,78,42,23,0
1628988,Aaron Holiday,Washington Wizards,G,1112.5,231,1685.5,148,714.5,244,16.9,25.5,14.3,66,66,50,0,0,0
1630174,Aaron Nesmith,Boston Celtics,G-F,546.5,324,0.0,365,0.0,298,11.9,0.0,0.0,46,0,0,0,0,0
1627846,Abdel Nader,Phoenix Suns,F,375.5,345,757.5,258,558.5,254,15.6,13.8,9.2,24,55,61,0,0,0
1629678,Admiral Schofield,Orlando Magic,F,0.0,433,241.0,322,0.0,298,0.0,7.3,0.0,0,33,0,0,0,0
201143,Al Horford,Boston Celtics,C-F,1140.0,225,2643.5,49,3088.5,57,40.7,39.5,45.4,28,67,68,7,7,0
202329,Al-Farouq Aminu,San Antonio Spurs,F,385.5,343,310.5,312,2339.0,101,16.8,17.2,28.9,23,18,81,0,0,0
202692,Alec Burks,New York Knicks,G,1461.5,180,2261.5,80,1427.0,188,29.8,34.3,22.3,49,66,64,0,0,0
1630197,Aleksej Pokusevski,Oklahoma City Thunder,F,959.0,258,0.0,365,0.0,298,21.3,0.0,0.0,45,0,0,0,0,0
1627936,Alex Caruso,Chicago Bulls,G,1209.5,213,1091.5,222,660.0,249,20.9,17.1,26.4,58,64,25,0,0,0
203458,Alex Len,Sacramento Kings,C,1327.0,196,1419.5,189,2261.0,111,20.7,25.8,29.4,64,55,77,0,1,0
1628993,Alize Johnson,Chicago Bulls,F,334.0,353,140.5,334,54.0,292,18.6,8.3,3.9,18,17,14,0,0,0
1629599,Amir Coffey,LA Clippers,G-F,302.0,364,139.0,335,0.0,298,6.9,7.7,0.0,44,18,0,0,0,0
203083,Andre Drummond,Philadelphia 76ers,C,2350.5,71,3723.0,15,5226.5,7,51.1,65.3,66.2,46,57,79,162,113,0
2738,Andre Iguodala,Golden State Warriors,G-F,1137.0,226,420.5,302,1668.5,166,18.0,20.0,24.5,63,21,68,0,0,0
203952,Andrew Wiggins,Golden State Warriors,F,2983.5,40,2583.5,54,2825.5,71,42.0,47.8,38.7,71,54,73,42,32,0
1629014,Anfernee Simons,Portland Trail Blazers,G,1070.5,240,1194.0,214,130.5,281,16.7,17.1,6.5,64,70,20,0,0,0
203076,Anthony Davis,Los Angeles Lakers,F-C,2087.5,99,4398.5,7,4467.0,17,58.0,70.9,79.8,36,62,56,195,176,0
1630162,Anthony Edwards,Minnesota Timberwolves,G,2890.5,44,0.0,365,0.0,298,40.1,0.0,0.0,72,0,0,3,0,0
1630264,Anthony Gill,Washington Wizards,F,238.0,380,0.0,365,0.0,298,9.2,0.0,0.0,26,0,0,0,0,0
1630237,Anthony Lamb,Houston Rockets,F,327.0,355,0.0,365,0.0,298,13.6,0.0,0.0,24,0,0,0,0,0
1629717,Armoni Brooks,Houston Rockets,G,460.5,332,0.0,365,0.0,298,23.0,0.0,0.0,20,0,0,0,0,0
203085,Austin Rivers,Denver Nuggets,G,703.5,304,1370.5,194,1492.5,184,19.5,20.2,19.6,36,68,76,0,0,0
202340,Avery Bradley,Golden State Warriors,G,418.0,338,933.0,238,1448.5,186,15.5,19.0,23.0,27,49,63,1,0,0
1628389,Bam Adebayo,Miami Heat,C-F,3895.0,13,4171.0,8,2659.0,80,60.9,57.9,32.4,64,72,82,128,23,0
203463,Ben McLemore,Portland Trail Blazers,G,745.0,298,1420.5,188,150.0,278,14.1,20.0,7.9,53,71,19,0,0,0
1627732,Ben Simmons,Philadelphia 76ers,G-F,2975.0,41,3552.5,20,4923.0,10,51.3,62.3,62.3,58,57,79,138,105,0
201933,Blake Griffin,Brooklyn Nets,F,1340.5,194,579.5,275,4232.0,18,29.1,32.2,56.4,46,18,75,20,51,0
1626246,Boban Marjanovic,Dallas Mavericks,C,464.5,331,814.5,249,1230.5,209,14.1,18.5,21.2,33,44,58,0,0,0
1626171,Bobby Portis,Milwaukee Bucks,F,2166.5,97,1670.0,153,1868.5,147,32.8,25.3,37.4,66,66,50,0,0,0
203992,Bogdan Bogdanovic,Atlanta Hawks,G,1680.5,146,2087.0,103,2351.0,100,38.2,34.2,33.6,44,61,70,21,1,0
202711,Bojan Bogdanovic,Utah Jazz,F,2270.5,81,2247.5,82,2830.5,70,31.5,35.7,34.9,72,63,81,16,7,0
1629626,Bol Bol,Denver Nuggets,C-F,158.5,396,107.5,337,0.0,298,5.0,15.4,0.0,32,7,0,0,0,0
203078,Bradley Beal,Washington Wizards,G,3692.5,17,3605.0,19,4873.0,13,61.5,63.2,59.4,60,57,82,101,132,0
1629634,Brandon Clarke,Memphis Grizzlies,F,1898.0,116,1931.5,115,0.0,298,32.2,33.3,0.0,59,58,0,4,0,0
1627742,Brandon Ingram,New Orleans Pelicans,F,3148.5,33,3230.5,29,2022.5,134,51.6,52.1,38.9,61,62,52,75,7,0
1628968,Brian Bowen II,Minnesota Timberwolves,F-G,6.0,431,16.0,360,0.0,298,1.0,2.7,0.0,6,6,0,0,0,0
1630271,Brodric Thomas,Cleveland Cavaliers,G,328.5,354,0.0,365,0.0,298,10.3,0.0,0.0,32,0,0,0,0,0
201572,Brook Lopez,Milwaukee Bucks,C,2244.0,84,2410.5,70,2795.0,72,32.1,35.4,34.5,70,68,81,7,18,0
1628971,Bruce Brown,Brooklyn Nets,G-F,1813.0,127,1774.5,140,1049.0,225,27.9,30.6,14.2,65,58,74,0,0,0
1628981,Bruno Fernando,Boston Celtics,F-C,169.0,393,774.5,255,0.0,298,5.1,13.8,0.0,33,56,0,0,0,0
1627854,Bryn Forbes,San Antonio Spurs,G,1247.0,209,1355.0,197,2076.5,130,17.8,21.5,25.3,70,63,82,0,0,0
1627741,Buddy Hield,Sacramento Kings,G,2659.0,55,2774.0,44,3501.5,40,37.5,38.5,42.7,71,72,82,53,50,0
1629604,CJ Elleby,Portland Trail Blazers,F-G,170.0,392,0.0,365,0.0,298,5.7,0.0,0.0,30,0,0,0,0,0
203468,CJ McCollum,Portland Trail Blazers,G,2418.5,68,3416.5,24,3026.0,61,51.5,48.8,43.2,47,70,70,42,36,0
1628997,Caleb Martin,Miami Heat,F,763.5,296,300.5,314,0.0,298,14.4,16.7,0.0,53,18,0,0,0,0
1629629,Cam Reddish,Atlanta Hawks,F-G,645.5,311,1371.0,193,0.0,298,24.8,23.6,0.0,26,58,0,7,0,0
1629661,Cameron Johnson,Phoenix Suns,F,1308.0,199,1246.5,207,0.0,298,21.8,21.9,0.0,60,57,0,0,0,0
1628419,Cameron Oliver,Los Angeles Lakers,F,127.5,400,0.0,365,0.0,298,31.9,0.0,0.0,4,0,0,0,0,0
1626166,Cameron Payne,Phoenix Suns,G,1502.5,170,234.5,323,718.5,242,25.0,29.3,18.0,60,8,40,0,0,0
1627747,Caris LeVert,Indiana Pacers,G,2345.5,73,1878.0,122,1358.0,194,49.9,41.7,34.0,47,45,40,20,13,0
2546,Carmelo Anthony,Los Angeles Lakers,F,1960.5,109,2005.5,106,274.5,273,28.4,34.6,27.4,69,58,10,4,0,0
1630199,Cassius Stanley,Detroit Pistons,G,80.5,411,0.0,365,0.0,298,3.4,0.0,0.0,24,0,0,0,0,0
1630216,Cassius Winston,Washington Wizards,G,97.0,406,0.0,365,0.0,298,4.4,0.0,0.0,22,0,0,0,0,0
1626224,Cedi Osman,Cleveland Cavaliers,F,1502.0,171,1704.5,145,2263.0,110,25.5,26.2,29.8,59,65,76,1,0,0
1628990,Chandler Hutchison,Phoenix Suns,F-G,285.5,369,542.5,283,670.5,247,11.4,19.4,15.2,25,28,44,0,0,0
1626184,Chasson Randle,Phoenix Suns,G,614.5,315,24.5,358,677.5,246,15.0,8.2,13.8,41,3,49,0,0,0
1629002,Chimezie Metu,Sacramento Kings,F-C,598.0,316,170.5,331,137.0,280,16.6,9.5,4.7,36,18,29,0,0,0
1628449,Chris Boucher,Toronto Raptors,F-C,2442.5,64,1327.5,198,315.0,271,40.7,21.4,11.2,60,62,28,1,0,0
1629185,Chris Chiozza,Golden State Warriors,G,321.5,359,483.5,290,26.5,296,14.6,17.3,3.8,22,28,7,0,0,0
101108,Chris Paul,Phoenix Suns,G,3903.0,12,3494.5,22,3020.0,62,55.8,49.9,52.1,70,70,58,52,89,0
1629735,Chris Silva,Minnesota Timberwolves,F,104.5,404,488.5,289,0.0,298,7.0,11.1,0.0,15,44,0,0,0,0
1626174,Christian Wood,Houston Rockets,F,2209.0,91,2116.0,101,416.0,266,53.9,34.1,19.8,41,62,21,80,0,0
1629643,Chuma Okeke,Orlando Magic,F,1101.5,232,0.0,365,0.0,298,24.5,0.0,0.0,45,0,0,0,0,0
203991,Clint Capela,Atlanta Hawks,C,3765.5,16,2196.0,88,3919.5,28,59.8,56.3,58.5,63,39,67,45,78,0
1629632,Coby White,Chicago Bulls,G,2458.5,63,1784.5,139,0.0,298,35.6,27.5,0.0,69,65,0,19,1,0
1628998,Cody Martin,Charlotte Hornets,F,794.5,289,809.0,252,0.0,298,15.3,16.9,0.0,52,48,0,0,0,0
203469,Cody Zeller,Portland Trail Blazers,F-C,1457.5,181,1887.5,120,1635.0,169,30.4,32.5,33.4,48,58,49,2,0,0
1630175,Cole Anthony,Orlando Magic,G,1500.5,172,0.0,365,0.0,298,31.9,0.0,0.0,47,0,0,0,0,0
1629012,Collin Sexton,Cleveland Cavaliers,G,2895.0,43,2594.5,53,2629.5,82,48.2,39.9,32.1,60,65,82,22,1,0
202709,Cory Joseph,Detroit Pistons,G,1577.0,159,1566.0,164,2061.0,132,25.0,21.8,25.1,63,72,82,0,0,0
1626156,D'Angelo Russell,Minnesota Timberwolves,G,1876.5,118,2257.5,81,4152.0,22,44.7,50.2,51.3,42,45,81,61,63,0
201571,D.J. Augustin,Houston Rockets,G,1132.5,227,1544.5,169,2628.0,83,19.9,27.1,32.4,57,57,81,0,0,0
1628391,D.J. Wilson,Oklahoma City Thunder,F,493.5,326,321.0,311,857.5,237,14.1,8.7,17.9,35,37,48,0,0,0
1627745,Damian Jones,Sacramento Kings,C,620.0,314,1027.0,230,484.5,260,15.9,18.7,20.2,39,55,24,0,0,0
203081,Damian Lillard,Portland Trail Blazers,G,4318.0,7,4572.5,6,4830.5,14,64.4,69.3,60.4,67,66,80,164,128,0
1627814,Damion Lee,Golden State Warriors,G-F,999.0,252,1520.0,173,342.5,268,17.5,31.0,10.7,57,49,32,0,0,0
1629655,Daniel Gafford,Washington Wizards,F-C,1307.0,200,758.5,257,0.0,298,24.2,17.6,0.0,54,43,0,0,0,0
1630187,Daniel Oturu,Chicago Bulls,C,200.0,388,0.0,365,0.0,298,6.7,0.0,0.0,30,0,0,0,0,0
1628464,Daniel Theis,Houston Rockets,F-C,1912.5,113,2152.5,93,1213.5,212,29.4,33.1,18.4,65,65,66,3,0,0
201568,Danilo Gallinari,Atlanta Hawks,F,1434.0,184,2309.5,77,2968.5,64,28.1,37.2,43.7,51,62,68,15,15,0
201980,Danny Green,Philadelphia 76ers,G,1873.5,120,1490.0,176,2169.5,119,27.2,21.9,27.1,69,68,80,2,1,0
203957,Dante Exum,Houston Rockets,G,85.0,410,411.0,303,717.5,243,14.2,11.7,17.1,6,35,42,0,0,0
1627863,Danuel House Jr.,Houston Rockets,F-G,786.0,290,1682.0,151,820.5,238,21.8,26.7,21.0,36,63,39,0,0,0
203967,Dario Saric,Phoenix Suns,F-C,1000.0,250,1902.0,119,2098.0,124,20.0,28.8,25.9,50,66,81,1,0,0
1629647,Darius Bazley,Oklahoma City Thunder,F,1720.0,141,980.0,234,0.0,298,31.3,16.1,0.0,55,61,0,1,0,0
1629636,Darius Garland,Cleveland Cavaliers,G,2263.0,82,1535.5,170,0.0,298,41.9,26.0,0.0,54,59,0,1,0,0
1628021,David Nwaba,Houston Rockets,G-F,771.5,294,289.0,316,926.0,235,25.7,14.4,18.2,30,20,51,0,0,0
202722,Davis Bertans,Washington Wizards,F,1277.5,204,1811.0,134,1547.0,174,22.4,33.5,20.4,57,54,76,13,0,0
1628432,Davon Reed,Denver Nuggets,G,0.0,433,0.0,365,33.5,295,0.0,0.0,3.4,0,0,10,0,0,0
1628368,De'Aaron Fox,Sacramento Kings,G,3459.5,21,2707.0,47,4082.5,23,59.6,53.1,50.4,58,51,81,76,52,0
1629631,De'Andre Hunter,Atlanta Hawks,F-G,783.5,292,1682.5,150,0.0,298,34.1,26.7,0.0,23,63,0,3,0,0
1629001,De'Anthony Melton,Memphis Grizzlies,G,1363.0,192,1442.5,183,1027.5,226,26.2,24.0,20.6,52,60,50,0,0,0
201599,DeAndre Jordan,Los Angeles Lakers,C,1658.5,147,1934.0,114,3210.0,53,29.1,34.5,46.5,57,56,69,4,19,0
1627761,DeAndre' Bembry,Brooklyn Nets,G-F,955.0,259,864.5,245,2078.5,129,18.7,20.1,25.3,51,43,82,0,0,0
201942,DeMar DeRozan,Chicago Bulls,G-F,3398.5,23,3646.0,18,4211.5,19,55.7,53.6,54.7,61,68,77,71,48,0
1629731,Dean Wade,Cleveland Cavaliers,F-C,1086.5,236,75.0,344,0.0,298,17.2,6.2,0.0,63,12,0,0,0,0
1629028,Deandre Ayton,Phoenix Suns,C,3329.5,27,2189.5,89,3640.0,37,48.3,57.6,51.3,69,38,71,102,65,0
1627749,Dejounte Murray,San Antonio Spurs,G,3185.5,31,2370.0,73,0.0,298,47.5,35.9,0.0,67,66,0,17,1,0
1626153,Delon Wright,Atlanta Hawks,G,2230.0,86,1879.5,121,2147.0,121,35.4,25.7,28.6,63,73,75,1,0,0
1630166,Deni Avdija,Washington Wizards,F,999.5,251,0.0,365,0.0,298,18.5,0.0,0.0,54,0,0,0,0,0
203471,Dennis Schroder,Boston Celtics,G,2424.5,66,2526.5,58,2721.0,75,39.7,38.9,34.4,61,65,79,7,0,0
1628372,Dennis Smith Jr.,Portland Trail Blazers,G,555.5,322,567.0,276,1790.5,154,24.2,16.7,33.8,23,34,53,0,0,0
1627756,Denzel Valentine,Cleveland Cavaliers,G,1032.0,247,564.5,278,0.0,298,16.6,15.7,0.0,62,36,0,0,0,0
202324,Derrick Favors,Oklahoma City Thunder,F,1505.5,168,1920.5,116,2903.5,67,22.1,37.7,38.2,68,51,76,7,21,0
1627884,Derrick Jones Jr.,Chicago Bulls,F,1210.5,212,1436.5,184,1238.0,208,20.9,24.3,20.6,58,59,60,0,0,0
201565,Derrick Rose,New York Knicks,G,1809.0,128,2126.0,100,2041.5,133,36.2,42.5,40.0,50,50,51,14,0,0
1628476,Derrick Walton Jr.,Detroit Pistons,G,0.0,433,171.5,330,0.0,298,0.0,6.6,0.0,0,26,0,0,0,0
1628401,Derrick White,San Antonio Spurs,G,1312.5,198,2130.5,98,2080.5,128,36.5,31.3,31.1,36,68,67,5,1,0
1630217,Desmond Bane,Memphis Grizzlies,G,1504.0,169,0.0,365,0.0,298,22.1,0.0,0.0,68,0,0,0,0,0
1626164,Devin Booker,Phoenix Suns,G,3318.5,28,3968.5,11,3604.5,39,49.5,56.7,56.3,67,70,64,137,75,0
1630170,Devin Vassell,San Antonio Spurs,G-F,951.0,260,0.0,365,0.0,298,15.3,0.0,0.0,62,0,0,0,0,0
1629653,Devon Dotson,Chicago Bulls,G,69.0,413,0.0,365,0.0,298,6.3,0.0,0.0,11,0,0,0,0,0
1629719,Devontae Cacok,Brooklyn Nets,F,125.5,401,18.5,359,0.0,298,6.3,18.5,0.0,20,1,0,0,0,0
1628984,Devonte' Graham,New Orleans Pelicans,G,2007.0,104,2994.0,39,652.0,250,36.5,47.5,14.2,55,63,46,31,0,0
203473,Dewayne Dedmon,Miami Heat,C,357.0,349,843.0,247,2242.5,112,22.3,19.2,35.0,16,44,64,0,0,0
1629712,Didi Louzada,New Orleans Pelicans,G,18.0,428,0.0,365,0.0,298,6.0,0.0,0.0,3,0,0,0,0,0
1628415,Dillon Brooks,Memphis Grizzlies,G-F,2308.5,77,2329.5,76,269.5,274,34.5,31.9,15.0,67,73,18,2,0,0
1627734,Domantas Sabonis,Indiana Pacers,F-C,4282.5,8,3893.0,14,3236.5,50,69.1,62.8,43.7,62,62,74,95,47,0
1628378,Donovan Mitchell,Utah Jazz,G,2876.5,46,3328.0,26,3725.5,34,54.3,48.2,48.4,53,69,77,115,33,0
1628978,Donte DiVincenzo,Milwaukee Bucks,G,2044.0,101,1774.0,141,347.0,267,31.0,26.9,12.9,66,66,27,1,0,0
1627827,Dorian Finney-Smith,Dallas Mavericks,F,1684.0,145,1984.5,109,1810.5,153,28.1,28.0,22.4,60,71,81,0,0,0
203926,Doug McDermott,San Antonio Spurs,F,1800.5,129,1401.5,191,1112.0,223,27.3,20.3,14.4,66,69,77,0,0,0
203110,Draymond Green,Golden State Warriors,F,2883.0,45,1611.0,160,2639.5,81,45.8,37.5,40.0,63,43,66,49,45,0
1629234,Drew Eubanks,San Antonio Spurs,F-C,1076.5,239,359.0,309,130.0,282,19.9,16.3,5.7,54,22,23,0,0,0
1629130,Duncan Robinson,Miami Heat,F,1938.0,112,1966.5,113,102.0,285,26.9,26.9,6.8,72,73,15,6,0,0
1628407,Dwayne Bacon,New York Knicks,G-F,1601.5,151,523.5,287,690.5,245,22.2,13.4,16.1,72,39,43,0,0,0
2730,Dwight Howard,Los Angeles Lakers,C-F,1856.5,123,1910.0,117,323.5,270,26.9,27.7,35.9,69,69,9,1,2,0
203939,Dwight Powell,Dallas Mavericks,F-C,1146.5,224,1145.0,218,2305.0,105,19.8,28.6,29.9,58,40,77,0,0,0
1629685,Dylan Windler,Cleveland Cavaliers,G-F,478.5,328,0.0,365,0.0,298,15.4,0.0,0.0,31,0,0,0,0,0
202734,E'Twaun Moore,Orlando Magic,G,364.5,347,1056.0,226,1371.5,190,13.5,18.9,25.9,27,56,53,0,0,0
1628410,Edmond Sumner,Indiana Pacers,G,860.5,279,430.5,300,172.0,277,16.2,13.9,7.5,53,31,23,0,0,0
203901,Elfrid Payton,Phoenix Suns,G,1637.0,149,1835.0,130,1818.0,152,26.0,40.8,43.3,63,45,42,3,1,0
1629091,Elijah Bryant,Milwaukee Bucks,G,33.5,424,0.0,365,0.0,298,33.5,0.0,0.0,1,0,0,0,0,0
1630190,Elijah Hughes,Utah Jazz,G,57.5,418,0.0,365,0.0,298,3.2,0.0,0.0,18,0,0,0,0,0
1629150,Emanuel Terry,Sacramento Kings,F,0.0,433,0.0,365,34.5,294,0.0,0.0,11.5,0,0,3,0,0,0
202683,Enes Kanter,Boston Celtics,C,3012.0,38,1653.5,154,2868.0,68,41.8,28.5,42.8,72,58,67,1,2,0
202339,Eric Bledsoe,LA Clippers,G,2174.5,96,2437.0,69,3495.0,41,30.6,40.0,44.8,71,61,78,21,7,0
201569,Eric Gordon,Houston Rockets,G,886.5,273,901.5,242,2007.5,136,32.8,25.0,29.5,27,36,68,3,1,0
1629672,Eric Paschall,Utah Jazz,F,809.5,286,1876.5,123,0.0,298,20.2,31.3,0.0,40,60,0,0,0,0
203095,Evan Fournier,New York Knicks,G-F,1585.0,155,2471.5,66,2680.5,79,37.7,37.4,33.1,42,66,81,14,0,0
1630267,Facundo Campazzo,Denver Nuggets,G,1412.0,188,0.0,365,0.0,298,21.7,0.0,0.0,65,0,0,1,0,0
1628402,Frank Jackson,Detroit Pistons,G,723.5,301,717.0,264,990.5,228,18.1,12.2,16.2,40,59,61,0,0,0
1626163,Frank Kaminsky,Phoenix Suns,F-C,942.0,262,932.5,239,944.5,233,20.0,23.9,20.1,47,39,47,0,0,0
1628373,Frank Ntilikina,Dallas Mavericks,G,249.5,377,1139.5,219,730.5,241,7.6,20.0,17.0,33,57,43,0,0,0
1627832,Fred VanVleet,Toronto Raptors,G,2697.5,53,2624.0,51,2005.0,138,51.9,48.6,31.3,52,54,64,41,0,0
1630273,Freddie Gillespie,Toronto Raptors,F,420.0,336,0.0,365,0.0,298,21.0,0.0,0.0,20,0,0,0,0,0
1627788,Furkan Korkmaz,Philadelphia 76ers,G-F,1091.0,233,1421.5,187,663.0,248,19.8,19.7,13.8,55,72,48,0,0,0
1629216,Gabe Vincent,Miami Heat,G,551.0,323,48.0,349,0.0,298,11.0,5.3,0.0,50,9,0,0,0,0
1630466,Gabriel Deck,Oklahoma City Thunder,F,245.0,378,0.0,365,0.0,298,24.5,0.0,0.0,10,0,0,0,0,0
202066,Garrett Temple,New Orleans Pelicans,G-F,1196.0,216,1611.5,159,1502.0,180,21.4,26.0,20.0,56,62,75,0,0,0
1629726,Garrison Mathews,Boston Celtics,G,744.0,299,204.5,328,0.0,298,11.6,11.4,0.0,64,18,0,0,0,0
203914,Gary Harris,Orlando Magic,G,867.0,276,1434.5,186,1627.0,170,22.2,25.6,28.5,39,56,57,0,0,0
1627780,Gary Payton II,Golden State Warriors,G,76.0,412,470.5,293,41.5,293,7.6,16.2,13.8,10,29,3,0,0,0
1629018,Gary Trent Jr.,Toronto Raptors,G-F,1699.5,143,1204.5,210,71.0,289,29.3,19.7,4.7,58,61,15,0,0,0
201588,George Hill,Milwaukee Bucks,G,660.5,308,1546.0,168,1243.5,206,22.0,26.2,20.7,30,59,60,0,0,0
1628994,George King,LA Clippers,F-G,0.0,433,0.0,365,1.0,297,0.0,0.0,1.0,0,0,1,0,0,0
1627777,Georges Niang,Philadelphia 76ers,F,1068.5,241,809.5,251,530.0,255,14.8,12.3,9.0,72,66,59,0,0,0
203507,Giannis Antetokounmpo,Milwaukee Bucks,F,4751.0,3,5146.5,3,5833.0,3,77.9,81.7,81.0,61,63,72,209,198,0
1629048,Goga Bitadze,Indiana Pacers,C-F,840.5,282,556.0,280,0.0,298,18.7,10.3,0.0,45,54,0,0,0,0
201609,Goran Dragic,Toronto Raptors,G,1575.5,160,2184.5,90,1251.5,205,31.5,37.0,34.8,50,59,36,7,0,0
202330,Gordon Hayward,Charlotte Hornets,F,2042.0,102,2350.0,74,2233.0,113,46.4,45.2,31.0,44,52,72,30,10,0
203476,Gorgui Dieng,Atlanta Hawks,C,759.0,297,1633.0,157,1496.0,181,20.0,25.9,19.7,38,63,76,0,0,0
1630203,Grant Riller,Philadelphia 76ers,G,38.5,423,0.0,365,0.0,298,5.5,0.0,0.0,7,0,0,0,0,0
1629684,Grant Williams,Boston Celtics,F,864.5,277,846.5,246,0.0,298,13.7,12.3,0.0,63,69,0,0,0,0
1628960,Grayson Allen,Milwaukee Bucks,G,1251.0,207,665.0,269,334.0,269,25.0,17.5,8.8,50,38,38,0,0,0
1628977,Hamidou Diallo,Detroit Pistons,G,1566.5,162,812.0,250,492.5,259,30.1,17.7,9.7,52,46,51,0,0,0
203084,Harrison Barnes,Sacramento Kings,F,2348.0,72,2349.5,75,2495.5,89,40.5,32.6,32.4,58,72,77,3,6,0
1628385,Harry Giles III,LA Clippers,F-C,419.0,337,932.0,240,1129.0,219,11.0,20.3,19.5,38,46,58,0,0,0
202355,Hassan Whiteside,Utah Jazz,C,931.0,265,4098.0,10,3367.5,44,25.9,61.2,46.8,36,67,72,64,4,0
1629649,Ignas Brazdeikis,Orlando Magic,F,223.5,384,33.5,354,0.0,298,17.2,3.7,0.0,13,9,0,0,0,0
1630193,Immanuel Quickley,New York Knicks,G,1494.0,175,0.0,365,0.0,298,23.3,0.0,0.0,64,0,0,0,0,0
1629067,Isaac Bonga,Toronto Raptors,G,261.0,374,1067.5,224,112.5,284,6.5,16.2,5.1,40,66,22,0,0,0
1630171,Isaac Okoro,Cleveland Cavaliers,F-G,1572.0,161,0.0,365,0.0,298,23.5,0.0,0.0,67,0,0,0,0,0
1628392,Isaiah Hartenstein,LA Clippers,C-F,867.5,275,391.0,305,225.0,276,18.9,17.0,8.0,46,23,28,0,0,0
1630198,Isaiah Joe,Philadelphia 76ers,G,316.0,361,0.0,365,0.0,298,7.7,0.0,0.0,41,0,0,0,0,0
1629676,Isaiah Roby,Oklahoma City Thunder,F,1560.0,164,-0.5,366,0.0,298,25.6,-0.2,0.0,61,3,0,0,0,0
1630191,Isaiah Stewart,Detroit Pistons,F-C,1969.0,108,0.0,365,0.0,298,29.0,0.0,0.0,68,0,0,0,0,0
202397,Ish Smith,Charlotte Hornets,G,1077.5,238,2240.0,85,1362.5,192,24.5,32.9,24.3,44,68,56,0,0,0
1627826,Ivica Zubac,LA Clippers,C,2237.0,85,2150.5,94,1618.0,171,31.1,29.9,27.4,72,72,59,2,0,0
1629630,Ja Morant,Memphis Grizzlies,G,3100.0,34,3210.0,31,0.0,298,49.2,47.9,0.0,63,67,0,54,5,0
203210,JaMychal Green,Denver Nuggets,F-C,1231.5,210,1319.5,199,1676.0,164,21.2,20.9,25.8,58,63,65,0,0,0
201580,JaVale McGee,Phoenix Suns,C-F,1066.5,242,1698.0,146,2940.0,65,23.2,25.0,39.2,46,68,75,11,2,0
203953,Jabari Parker,Boston Celtics,F,188.0,389,1299.5,202,2242.5,112,14.5,34.2,35.0,13,38,64,1,2,0
1630183,Jaden McDaniels,Minnesota Timberwolves,F,1297.5,201,0.0,365,0.0,298,20.6,0.0,0.0,63,0,0,0,0,0
203109,Jae Crowder,Phoenix Suns,F,1580.0,157,1967.0,112,2183.0,118,26.3,30.3,27.3,60,65,80,1,0,0
1630256,Jae'Sean Tate,Houston Rockets,F,2318.5,74,0.0,365,0.0,298,33.1,0.0,0.0,70,0,0,0,0,0
1626143,Jahlil Okafor,Atlanta Hawks,C-F,341.0,350,693.5,266,1361.5,193,12.6,23.1,23.1,27,30,59,0,0,0
1630186,Jahmi'us Ramsey,Sacramento Kings,G,88.5,408,0.0,365,0.0,298,6.8,0.0,0.0,13,0,0,0,0,0
1627774,Jake Layman,Minnesota Timberwolves,F,585.0,320,445.0,298,1310.0,201,13.0,19.3,18.5,45,23,71,0,0,0
1627751,Jakob Poeltl,San Antonio Spurs,C,2627.0,56,1787.0,138,1748.5,156,38.1,27.1,22.7,69,66,77,0,0,0
1628973,Jalen Brunson,Dallas Mavericks,G,2080.0,100,1258.0,204,1704.5,162,30.6,22.1,23.3,68,57,73,0,0,0
1629667,Jalen McDaniels,Charlotte Hornets,F-C,919.5,267,253.5,318,0.0,298,19.6,15.8,0.0,47,16,0,0,0,0
1630188,Jalen Smith,Phoenix Suns,F-C,140.0,398,0.0,365,0.0,298,5.2,0.0,0.0,27,0,0,0,0,0
1627750,Jamal Murray,Denver Nuggets,G,2316.5,75,2572.5,55,3227.5,51,48.3,43.6,43.0,48,59,75,89,11,0
201935,James Harden,Brooklyn Nets,G,3478.5,20,5296.0,1,6318.5,1,79.1,77.9,81.0,44,68,78,192,187,0
201949,James Johnson,Brooklyn Nets,F,1128.0,229,814.5,249,1182.5,213,22.1,25.5,21.5,51,32,55,0,0,0
1630164,James Wiseman,Golden State Warriors,C,1089.0,234,0.0,365,0.0,298,27.9,0.0,0.0,39,0,0,3,0,0
1629607,Jared Harper,New York Knicks,G,0.0,433,1.0,364,0.0,298,0.0,0.3,0.0,8,3,0,0,0,0
1628991,Jaren Jackson Jr.,Memphis Grizzlies,F-C,398.0,341,2231.0,86,1970.5,140,36.2,39.1,34.0,11,57,58,14,36,0
1629020,Jarred Vanderbilt,Minnesota Timberwolves,F,1493.0,176,34.5,353,76.5,287,23.3,3.1,4.5,64,11,17,0,0,0
1628386,Jarrett Allen,Cleveland Cavaliers,C,2817.5,48,2975.5,40,3084.5,58,44.7,42.5,38.6,63,70,80,23,4,0
1629633,Jarrett Culver,Memphis Grizzlies,G-F,471.0,330,1457.5,180,0.0,298,13.9,23.1,0.0,34,63,0,0,0,0
1629750,Javonte Green,Chicago Bulls,G-F,420.5,335,470.0,294,0.0,298,10.3,9.8,0.0,41,48,0,0,0,0
1629637,Jaxson Hayes,New Orleans Pelicans,C-F,1279.5,203,1436.0,185,0.0,298,21.3,22.4,0.0,60,64,0,0,0,0
1630206,Jay Scrubb,LA Clippers,G,62.5,414,0.0,365,0.0,298,15.6,0.0,0.0,4,0,0,0,0,0
1627759,Jaylen Brown,Boston Celtics,G-F,3089.0,35,2474.5,65,2125.5,123,53.3,43.4,28.7,58,57,74,52,0,0
1629669,Jaylen Nowell,Minnesota Timberwolves,G,840.0,283,138.0,336,0.0,298,20.0,9.2,0.0,42,15,0,0,0,0
1628369,Jayson Tatum,Boston Celtics,F-G,3785.0,15,3505.5,21,3039.5,60,59.1,53.1,38.5,64,66,79,124,50,0
201145,Jeff Green,Denver Nuggets,F,1756.0,135,980.0,234,2152.5,120,25.8,20.4,28.0,68,48,77,0,0,0
203924,Jerami Grant,Detroit Pistons,F,2479.5,61,1988.0,108,2768.5,73,45.9,28.0,34.6,54,71,80,9,0,0
203087,Jeremy Lamb,Indiana Pacers,G-F,951.0,260,1444.0,182,2920.0,66,26.4,31.4,37.0,36,46,79,0,2,0
1628975,Jevon Carter,Brooklyn Nets,G,720.0,302,900.0,243,510.0,257,12.0,15.5,13.1,60,58,39,0,0,0
202710,Jimmy Butler,Miami Heat,F,3381.0,25,3317.5,27,3218.0,52,65.0,57.2,49.5,52,58,65,111,85,0
203925,Joe Harris,Brooklyn Nets,G-F,2132.5,98,2147.5,95,2275.5,109,30.9,31.1,29.9,69,69,76,2,1,0
204060,Joe Ingles,Utah Jazz,F-G,2215.5,89,2207.0,87,2974.0,63,33.1,30.7,36.3,67,72,82,3,2,0
203954,Joel Embiid,Philadelphia 76ers,C-F,3563.0,18,3229.5,30,4896.0,12,69.9,63.3,76.5,51,51,64,155,170,0
1628381,John Collins,Atlanta Hawks,F-C,2798.0,50,2457.5,67,3194.5,54,44.4,59.9,52.4,63,41,61,112,68,0
1629723,John Konchar,Memphis Grizzlies,G,637.0,312,225.0,324,0.0,298,14.8,11.8,0.0,43,19,0,0,0,0
202322,John Wall,Houston Rockets,G,1974.0,107,0.0,365,1853.0,150,49.4,0.0,57.9,40,0,32,56,0,0
202685,Jonas Valanciunas,New Orleans Pelicans,C,3557.0,19,3457.5,23,2096.5,125,57.4,49.4,42.8,62,70,49,56,3,0
1628371,Jonathan Isaac,Orlando Magic,F,0.0,433,1404.5,190,2136.0,122,0.0,41.3,28.5,0,34,75,0,5,0
1628395,Jordan Bell,Golden State Warriors,F,86.5,409,291.0,315,937.5,234,14.4,10.0,13.8,6,29,68,0,0,0
203903,Jordan Clarkson,Utah Jazz,G,2431.0,65,2094.5,102,2696.5,76,35.8,29.5,33.3,68,71,81,5,0,0
1629162,Jordan McLaughlin,Minnesota Timberwolves,G,1033.0,246,770.5,256,0.0,298,20.3,25.7,0.0,51,30,0,0,0,0
1629670,Jordan Nwora,Milwaukee Bucks,F,386.5,342,0.0,365,0.0,298,12.9,0.0,0.0,30,0,0,0,0,0
1629673,Jordan Poole,Golden State Warriors,G,1204.5,214,1059.0,225,0.0,298,23.6,18.6,0.0,51,57,0,0,0,0
1630182,Josh Green,Dallas Mavericks,G,335.5,352,0.0,365,0.0,298,8.6,0.0,0.0,39,0,0,0,0,0
1628404,Josh Hart,New Orleans Pelicans,G,1423.0,185,1859.0,126,1478.5,185,30.3,28.6,22.1,47,65,67,0,0,0
1628367,Josh Jackson,Detroit Pistons,G-F,1855.0,124,465.5,296,2207.5,116,29.9,21.2,27.9,62,22,79,0,0,0
1629006,Josh Okogie,Minnesota Timberwolves,G,976.0,255,1451.5,181,1494.0,183,16.5,23.4,20.2,59,62,74,0,0,0
1626196,Josh Richardson,Boston Celtics,G,1727.0,139,1746.5,143,2860.5,69,29.3,31.8,39.2,59,55,73,4,3,0
201950,Jrue Holiday,Milwaukee Bucks,G,3042.0,36,3249.0,28,4009.5,26,51.6,53.3,59.8,59,61,67,78,79,0
1629308,Juan Toscano-Anderson,Golden State Warriors,F,1198.5,215,249.5,320,0.0,298,22.6,19.2,0.0,53,13,0,0,0,0
1627823,Juancho Hernangomez,Boston Celtics,F,864.0,278,783.5,254,1168.0,216,16.6,16.3,16.7,52,48,70,0,0,0
203944,Julius Randle,New York Knicks,F-C,4562.0,6,3156.5,34,3886.5,29,64.3,49.3,53.2,71,64,73,39,51,0
203200,Justin Holiday,Indiana Pacers,F-G,1880.5,117,1690.5,147,2184.0,117,26.1,23.2,26.6,72,73,82,0,0,0
1629620,Justin Robinson,Milwaukee Bucks,G,59.5,416,40.5,351,0.0,298,6.6,4.5,0.0,9,9,0,0,0,0
1626159,Justise Winslow,LA Clippers,F-G,501.5,325,361.5,308,2328.0,102,19.3,32.9,35.3,26,11,66,0,1,0
203994,Jusuf Nurkic,Portland Trail Blazers,C,1600.5,152,480.0,291,3874.0,30,43.3,60.0,53.8,37,8,72,42,0,0
1629752,Juwan Morgan,Boston Celtics,F,114.5,403,107.5,337,0.0,298,3.9,5.1,0.0,29,21,0,0,0,0
1630231,KJ Martin,Houston Rockets,F,1259.5,205,0.0,365,0.0,298,28.0,0.0,0.0,45,0,0,0,0,0
1629644,KZ Okpala,Miami Heat,F-G,290.0,366,26.5,357,0.0,298,7.8,5.3,0.0,37,5,0,0,0,0
1626157,Karl-Anthony Towns,Minnesota Timberwolves,C-F,3368.0,26,2489.0,62,5397.0,5,67.4,71.1,70.1,50,35,77,169,172,0
202695,Kawhi Leonard,LA Clippers,F,3177.5,32,3656.5,17,3646.0,36,61.1,64.1,60.8,52,57,60,169,167,0
1628966,Keita Bates-Diop,San Antonio Spurs,F,235.0,381,733.0,261,421.0,264,7.8,16.7,14.0,30,44,30,0,0,0
1629103,Kelan Martin,Indiana Pacers,F,398.5,340,435.0,299,0.0,298,11.4,14.0,0.0,35,31,0,0,0,0
1629640,Keldon Johnson,San Antonio Spurs,F-G,2198.5,92,375.5,306,0.0,298,31.9,22.1,0.0,69,17,0,0,0,0
1629833,Keljin Blevins,Portland Trail Blazers,G,30.0,425,0.0,365,0.0,298,1.8,0.0,0.0,17,0,0,0,0,0
203482,Kelly Olynyk,Detroit Pistons,F-C,2689.5,54,1533.5,171,2012.5,135,38.4,22.9,25.5,70,67,79,1,1,0
1626162,Kelly Oubre Jr.,Charlotte Hornets,F-G,2002.5,105,2394.0,71,2354.0,98,36.4,42.8,34.1,55,56,69,28,1,0
202689,Kemba Walker,New York Knicks,G,1864.5,122,2543.0,57,4644.5,15,43.4,45.4,56.6,43,56,82,20,81,0
1629134,Kendrick Nunn,Los Angeles Lakers,G,1796.0,130,2165.0,91,0.0,298,32.1,32.3,0.0,56,67,0,1,1,0
1629026,Kenrich Williams,Oklahoma City Thunder,G-F,1600.5,152,650.0,270,987.5,229,24.2,16.7,21.5,66,39,46,0,0,0
203145,Kent Bazemore,Los Angeles Lakers,G-F,1382.5,190,1527.0,172,1894.0,144,20.6,22.5,28.3,67,68,67,0,0,0
203484,Kentavious Caldwell-Pope,Washington Wizards,G,1602.0,150,1472.5,178,1979.0,139,23.9,21.3,24.1,67,69,82,0,0,0
201142,Kevin Durant,Brooklyn Nets,F,2296.0,78,0.0,365,4896.5,11,65.6,0.0,62.8,35,0,78,160,0,0
1628989,Kevin Huerter,Atlanta Hawks,G-F,2185.0,94,1830.0,132,1916.0,143,31.7,32.7,25.5,69,56,75,1,0,0
1628995,Kevin Knox II,New York Knicks,F,362.0,348,975.5,235,1864.5,148,8.6,15.0,24.9,42,65,75,0,0,0
201567,Kevin Love,Cleveland Cavaliers,F-C,799.5,288,2550.0,56,968.5,230,32.0,45.5,44.0,25,56,22,31,53,0
1629645,Kevin Porter Jr.,Houston Rockets,G-F,1052.0,244,1147.0,217,0.0,298,40.5,22.9,0.0,26,50,0,4,0,0
1626172,Kevon Looney,Golden State Warriors,F,1186.5,217,264.0,317,1946.0,141,19.5,13.2,24.3,61,20,80,0,0,0
203920,Khem Birch,Toronto Raptors,C,1789.5,133,827.5,248,866.5,236,26.7,17.2,17.3,67,48,50,0,0,0
203114,Khris Middleton,Milwaukee Bucks,F,3395.0,24,2975.0,41,3292.0,46,49.9,48.0,42.8,68,62,77,76,41,0
1629017,Khyri Thomas,Houston Rockets,G,244.0,379,31.5,356,146.5,279,48.8,3.9,5.6,5,8,26,0,0,0
1630165,Killian Hayes,Detroit Pistons,G,592.0,318,0.0,365,0.0,298,22.8,0.0,0.0,26,0,0,1,0,0
1629681,Killian Tillie,Memphis Grizzlies,F-C,161.5,395,0.0,365,0.0,298,9.0,0.0,0.0,18,0,0,0,0,0
1630184,Kira Lewis Jr.,New Orleans Pelicans,G,931.0,265,0.0,365,0.0,298,17.2,0.0,0.0,54,0,0,0,0,0
202691,Klay Thompson,Golden State Warriors,G,0.0,433,0.0,365,3412.0,43,0.0,0.0,43.7,0,0,78,0,0,0
1627739,Kris Dunn,Memphis Grizzlies,G,20.0,427,1383.0,192,1718.0,160,5.0,27.1,37.3,4,51,46,0,0,0
204001,Kristaps Porzingis,Dallas Mavericks,F-C,2222.0,88,3134.0,35,0.0,298,51.7,55.0,0.0,43,57,0,12,72,0
203937,Kyle Anderson,Memphis Grizzlies,F-G,2614.5,58,1471.0,179,1352.5,195,37.9,22.0,31.5,69,67,43,0,0,0
1629657,Kyle Guy,Cleveland Cavaliers,G,219.5,386,7.5,362,0.0,298,7.1,2.5,0.0,31,3,0,0,0,0
1628398,Kyle Kuzma,Washington Wizards,F,2215.0,90,1610.5,161,2688.5,77,32.6,26.4,38.4,68,61,70,3,3,0
200768,Kyle Lowry,Miami Heat,G,2280.0,79,3098.5,36,3253.5,49,49.6,53.4,50.1,46,58,65,40,33,0
202681,Kyrie Irving,Brooklyn Nets,G,3452.0,22,1296.0,203,4206.0,20,63.9,64.8,62.8,54,20,67,80,88,0
200746,LaMarcus Aldridge,Brooklyn Nets,C-F,872.5,274,2727.5,45,4641.5,16,33.6,51.5,57.3,26,53,81,51,70,0
1630163,LaMelo Ball,Charlotte Hornets,G,2355.5,69,0.0,365,0.0,298,46.2,0.0,0.0,51,0,0,18,0,0
1630205,Lamar Stevens,Cleveland Cavaliers,F,475.5,329,0.0,365,0.0,298,11.9,0.0,0.0,40,0,0,0,0,0
1629013,Landry Shamet,Phoenix Suns,G,1172.5,221,1027.5,229,1513.0,179,19.2,19.4,19.2,61,53,79,0,0,0
204038,Langston Galloway,Golden State Warriors,G,382.5,344,1483.5,177,1407.5,189,9.6,22.5,17.6,40,66,80,0,0,0
1626204,Larry Nance Jr.,Portland Trail Blazers,F-C,1204.5,214,1902.5,118,2616.0,84,34.4,34.0,39.0,35,56,67,3,3,0
1628374,Lauri Markkanen,Cleveland Cavaliers,F-C,1464.5,179,1642.0,156,2351.5,99,28.7,32.8,45.2,51,50,52,27,63,0
2544,LeBron James,Los Angeles Lakers,F,3010.5,39,5162.5,2,4156.5,21,66.9,77.1,75.6,45,67,55,200,165,0
1629022,Lonnie Walker IV,San Antonio Spurs,G-F,1346.0,193,935.0,237,122.5,283,22.4,15.3,7.2,60,61,17,0,0,0
1628366,Lonzo Ball,Chicago Bulls,G,2350.5,71,2714.0,46,1671.0,165,42.7,43.1,35.6,55,63,47,49,4,0
101150,Lou Williams,Atlanta Hawks,G,1727.0,139,2608.0,52,3291.5,47,26.2,40.1,43.9,66,65,75,7,30,0
1629663,Louis King,Sacramento Kings,F,135.0,399,50.0,347,0.0,298,22.5,5.0,0.0,6,10,0,0,0,0
1629652,Luguentz Dort,Oklahoma City Thunder,G,1448.5,182,554.5,281,0.0,298,27.9,15.4,0.0,52,36,0,0,0,0
1629029,Luka Doncic,Dallas Mavericks,F-G,4713.5,4,4702.5,5,3922.0,27,71.4,77.1,54.5,66,61,72,194,120,0
1629677,Luka Samanic,San Antonio Spurs,F,299.0,365,49.5,348,0.0,298,9.1,16.5,0.0,33,3,0,0,0,0
1628379,Luke Kennard,LA Clippers,G,1210.5,212,989.0,232,1338.0,199,19.2,35.3,21.2,63,28,63,11,0,0
1630201,Malachi Flynn,Toronto Raptors,G,985.5,253,0.0,365,0.0,298,21.0,0.0,0.0,47,0,0,0,0,0
1627763,Malcolm Brogdon,Indiana Pacers,G,2890.5,44,2477.0,64,2355.5,97,51.6,45.9,36.8,56,54,64,27,3,0
1627736,Malik Beasley,Minnesota Timberwolves,G,1419.5,187,1247.0,206,1884.0,146,38.4,22.7,23.3,37,55,81,0,0,0
1630238,Malik Fitts,Utah Jazz,F,7.0,430,0.0,365,0.0,298,2.3,0.0,0.0,3,0,0,0,0,0
1628370,Malik Monk,Los Angeles Lakers,G,976.5,254,1225.0,209,1312.0,200,23.2,22.3,18.0,42,55,73,0,0,0
1629603,Mamadi Diakite,Oklahoma City Thunder,F,151.5,397,0.0,365,0.0,298,10.8,0.0,0.0,14,0,0,0,0,0
202694,Marcus Morris Sr.,LA Clippers,F,1577.5,158,2130.0,99,2363.5,95,27.7,34.4,31.5,57,62,75,3,1,0
203935,Marcus Smart,Boston Celtics,G,1855.0,124,2243.5,84,2356.5,96,38.6,37.4,29.5,48,60,80,11,0,0
1628365,Markelle Fultz,Orlando Magic,G,282.0,370,2496.5,61,473.5,261,35.2,34.7,24.9,8,72,19,30,0,0
202693,Markieff Morris,Miami Heat,F,1078.5,237,1248.0,205,1370.0,191,17.7,21.5,23.6,61,58,58,0,0,0
1630210,Markus Howard,Denver Nuggets,G,176.0,390,0.0,365,0.0,298,4.8,0.0,0.0,37,0,0,0,0,0
1629716,Marques Bolden,Utah Jazz,C,27.5,426,5.0,363,0.0,298,4.6,5.0,0.0,6,1,0,0,0,0
1627737,Marquese Chriss,Portland Trail Blazers,F,40.0,422,1873.0,124,493.5,258,20.0,31.7,11.5,2,59,43,1,0,0
1628963,Marvin Bagley III,Sacramento Kings,F,1539.0,166,473.0,292,2446.0,91,35.8,36.4,39.5,43,13,62,15,57,0
203486,Mason Plumlee,Charlotte Hornets,F-C,2351.5,70,1557.0,166,2586.5,85,42.0,25.5,31.5,56,61,82,0,0,0
1629680,Matisse Thybulle,Philadelphia 76ers,G-F,1176.0,220,1120.0,221,0.0,298,18.1,17.2,0.0,65,65,0,0,0,0
1629744,Matt Thomas,Chicago Bulls,G,263.5,372,424.0,301,0.0,298,5.9,10.3,0.0,45,41,0,0,0,0
203090,Maurice Harkless,Sacramento Kings,F-G,591.5,319,1172.5,216,1520.0,176,16.0,18.9,25.3,37,62,60,0,0,0
1629622,Max Strus,Miami Heat,G-F,448.5,333,9.5,361,0.0,298,11.5,4.8,0.0,39,2,0,0,0,0
1628467,Maxi Kleber,Dallas Mavericks,F,1116.5,230,1971.5,111,1605.5,172,22.3,26.6,22.6,50,74,71,0,0,0
1629662,Mfiondu Kabengele,Cleveland Cavaliers,F-C,277.5,371,87.0,342,0.0,298,7.1,7.2,0.0,39,12,0,0,0,0
203487,Michael Carter-Williams,Orlando Magic,G,855.5,280,1038.5,228,510.0,257,27.6,23.1,18.2,31,45,28,0,0,0
1629008,Michael Porter Jr.,Denver Nuggets,F,2785.5,51,1367.0,196,0.0,298,45.7,24.9,0.0,61,55,0,26,0,0
1628969,Mikal Bridges,Phoenix Suns,F,2600.5,59,2003.5,107,2075.0,131,36.1,27.4,25.3,72,73,82,20,1,0
201144,Mike Conley,Utah Jazz,G,2248.0,83,1565.0,165,3669.0,35,44.1,33.3,52.4,51,47,70,13,58,0
203488,Mike Muscala,Oklahoma City Thunder,F-C,715.5,303,567.0,276,1214.5,211,20.4,12.1,19.0,35,47,64,0,0,0
1628970,Miles Bridges,Charlotte Hornets,F,2309.0,76,2040.5,105,1731.0,159,35.0,31.4,21.6,66,65,80,3,1,0
1629011,Mitchell Robinson,New York Knicks,C-F,1088.0,235,2277.5,79,2289.5,106,35.1,37.3,34.7,31,61,66,24,61,0
1629671,Miye Oni,Utah Jazz,G-F,338.5,351,89.5,341,0.0,298,6.3,9.0,0.0,54,10,0,0,0,0
1628964,Mo Bamba,Orlando Magic,C,1181.0,219,1319.0,200,1020.0,227,25.7,21.3,21.7,46,62,47,0,0,0
1628420,Monte Morris,Denver Nuggets,G,1258.5,206,1864.5,125,2356.5,96,26.8,25.5,28.7,47,73,82,0,0,0
1626149,Montrezl Harrell,Washington Wizards,F-C,2462.0,62,2940.0,42,3747.0,33,35.7,46.7,45.7,69,63,82,19,52,0
1629021,Moritz Wagner,Orlando Magic,F-C,804.0,287,1041.0,227,443.5,262,17.9,23.1,10.3,45,45,43,0,0,0
1629650,Moses Brown,Dallas Mavericks,C,1420.0,186,33.5,354,0.0,298,33.0,3.7,0.0,43,9,0,0,0,0
1628539,Mychal Mulder,Golden State Warriors,G,651.0,310,142.5,333,0.0,298,10.8,20.4,0.0,60,7,0,0,0,0
1626167,Myles Turner,Indiana Pacers,C-F,2009.5,103,2297.0,78,3283.0,48,42.8,37.0,44.4,47,62,74,22,65,0
1630230,Naji Marshall,New Orleans Pelicans,F,778.0,293,0.0,365,0.0,298,24.3,0.0,0.0,32,0,0,0,0,0
1629642,Nassir Little,Portland Trail Blazers,F-G,556.5,321,493.0,288,0.0,298,11.6,10.3,0.0,48,48,0,0,0,0
1630207,Nate Hinton,Indiana Pacers,G-F,97.5,405,0.0,365,0.0,298,4.6,0.0,0.0,21,0,0,0,0,0
1630233,Nathan Knight,Minnesota Timberwolves,F-C,323.0,358,0.0,365,0.0,298,9.8,0.0,0.0,33,0,0,0,0,0
1629675,Naz Reid,Minnesota Timberwolves,C-F,2000.0,106,724.0,262,0.0,298,28.6,24.1,0.0,70,30,0,0,0,0
202357,Nemanja Bjelica,Golden State Warriors,F,659.0,309,2525.0,59,2311.0,104,17.8,35.1,30.0,37,72,77,1,0,0
203457,Nerlens Noel,New York Knicks,C-F,1828.0,125,1682.0,151,1649.0,168,28.6,27.6,21.4,64,61,77,0,0,0
1630208,Nick Richards,Charlotte Hornets,C,33.5,424,0.0,365,0.0,298,1.9,0.0,0.0,18,0,0,0,0,0
1629638,Nickeil Alexander-Walker,New Orleans Pelicans,G,1185.5,218,629.5,273,0.0,298,25.8,13.4,0.0,46,47,0,0,0,0
201587,Nicolas Batum,LA Clippers,G-F,1759.0,134,424.0,301,2211.0,115,26.3,19.3,29.5,67,22,75,0,0,0
1629651,Nicolas Claxton,Brooklyn Nets,F-C,799.5,288,214.5,326,0.0,298,25.0,14.3,0.0,32,15,0,0,0,0
203999,Nikola Jokic,Denver Nuggets,C,6155.5,1,4834.5,4,5606.5,4,85.5,66.2,70.1,72,73,80,194,182,0
202696,Nikola Vucevic,Chicago Bulls,C,4640.5,5,3686.5,16,5308.5,6,66.3,59.5,66.4,70,62,80,137,120,0
1626181,Norman Powell,Portland Trail Blazers,G,2508.5,60,1756.0,142,1165.0,218,36.4,33.8,19.4,69,52,60,5,0,0
1628384,OG Anunoby,Toronto Raptors,F,1707.0,142,2136.5,97,1126.0,221,39.7,31.0,16.8,43,69,67,10,0,0
1630167,Obi Toppin,New York Knicks,F,660.5,308,0.0,365,0.0,298,10.7,0.0,0.0,62,0,0,1,0,0
1630168,Onyeka Okongwu,Atlanta Hawks,F-C,784.5,291,0.0,365,0.0,298,15.7,0.0,0.0,50,0,0,0,0,0
1629052,Oshae Brissett,Indiana Pacers,F-G,683.5,306,99.5,340,0.0,298,32.5,5.2,0.0,21,19,0,0,0,0
203490,Otto Porter Jr.,Golden State Warriors,F,726.5,300,402.0,304,2082.5,127,25.9,28.7,37.2,28,14,56,19,21,0
200782,P.J. Tucker,Miami Heat,F,768.5,295,1833.5,131,2086.5,126,14.8,25.5,25.4,52,72,82,1,0,0
1629023,P.J. Washington,Charlotte Hornets,F,2424.0,67,1850.0,127,0.0,298,37.9,31.9,0.0,64,58,0,0,0,0
1628408,PJ Dozier,Denver Nuggets,G-F,1044.5,245,461.5,297,75.0,288,20.9,15.9,12.5,50,29,6,0,0,0
1627783,Pascal Siakam,Toronto Raptors,F,3019.5,37,3161.0,33,3609.0,38,53.9,52.7,45.1,56,60,80,150,52,0
1626192,Pat Connaughton,Milwaukee Bucks,G,1407.5,189,1200.5,211,1347.0,197,20.4,17.9,22.1,69,67,61,0,0,0
201976,Patrick Beverley,Minnesota Timberwolves,G,850.0,281,1503.5,175,2284.0,107,23.0,29.5,29.3,37,51,78,0,0,0
202335,Patrick Patterson,Portland Trail Blazers,F,485.5,327,683.0,267,610.5,251,12.8,11.6,9.7,38,59,63,0,0,0
1630172,Patrick Williams,Chicago Bulls,F,1792.0,132,0.0,365,0.0,298,25.2,0.0,0.0,71,0,0,0,0,0
201988,Patty Mills,Brooklyn Nets,G,1538.5,167,1554.5,167,1936.0,142,22.6,23.6,23.6,68,66,82,0,0,0
202331,Paul George,LA Clippers,F,2923.0,42,2297.0,78,5022.5,9,54.1,47.9,65.2,54,48,77,104,97,0
200794,Paul Millsap,Brooklyn Nets,F,1505.5,168,1618.0,158,2684.0,78,26.9,31.7,38.3,56,51,70,3,2,0
1630194,Paul Reed,Philadelphia 76ers,F,319.0,360,0.0,365,0.0,298,12.3,0.0,0.0,26,0,0,0,0,0
1628778,Paul Watson,Oklahoma City Thunder,G,263.5,372,89.5,341,0.0,298,9.8,9.0,0.0,27,10,0,0,0,0
1630202,Payton Pritchard,Boston Celtics,G,1247.5,208,0.0,365,0.0,298,18.9,0.0,0.0,66,0,0,0,0,0
1630173,Precious Achiuwa,Toronto Raptors,F,908.0,268,0.0,365,0.0,298,14.9,0.0,0.0,61,0,0,0,0,0
1626188,Quinn Cook,Portland Trail Blazers,G,172.5,391,469.5,295,1167.0,217,7.5,10.7,15.8,23,44,74,0,0,0
1630181,R.J. Hampton,Orlando Magic,G,933.0,264,0.0,365,0.0,298,18.3,0.0,0.0,51,0,0,0,0,0
1629628,RJ Barrett,New York Knicks,F-G,2803.0,49,1740.0,144,0.0,298,38.9,31.1,0.0,72,56,0,17,11,0
200765,Rajon Rondo,Los Angeles Lakers,G,936.0,263,1188.5,215,1858.0,149,20.8,24.8,40.4,45,48,46,0,1,0
203526,Raul Neto,Washington Wizards,G,1484.0,178,700.0,265,563.5,253,23.2,13.0,15.2,64,54,37,0,0,0
203493,Reggie Bullock,Dallas Mavericks,G-F,1589.0,154,543.5,282,1515.5,178,24.4,18.7,24.1,65,29,63,0,0,0
202704,Reggie Jackson,LA Clippers,G,1748.0,136,897.0,244,2756.0,74,26.1,28.9,33.6,67,31,82,0,0,0
1629617,Reggie Perry,Toronto Raptors,F-C,259.0,375,0.0,365,0.0,298,10.0,0.0,0.0,26,0,0,0,0,0
1626158,Richaun Holmes,Sacramento Kings,F,2822.5,47,1810.0,135,1858.0,149,46.3,41.1,26.5,61,44,70,11,0,0
201937,Ricky Rubio,Cleveland Cavaliers,G,2227.5,87,3161.0,33,2500.5,88,32.8,48.6,36.8,68,65,68,28,125,0
203496,Robert Covington,Portland Trail Blazers,F,2180.5,95,2484.0,63,1306.5,202,31.2,35.5,37.3,70,70,35,27,8,0
1629057,Robert Williams III,Boston Celtics,C-F,1822.5,126,638.5,271,421.5,263,35.0,22.0,13.2,52,29,32,0,0,0
1630218,Robert Woodard II,Sacramento Kings,F,58.5,417,0.0,365,0.0,298,4.5,0.0,0.0,13,0,0,0,0,0
201577,Robin Lopez,Orlando Magic,C,1648.0,148,916.5,241,1888.5,145,23.2,13.9,25.5,71,66,74,0,0,0
203918,Rodney Hood,Milwaukee Bucks,G-F,595.0,317,533.5,286,1733.0,158,10.8,25.4,24.1,55,21,72,0,0,0
203585,Rodney McGruder,Detroit Pistons,G,220.5,385,566.0,277,1292.5,203,13.8,10.1,19.6,16,56,66,0,0,0
1629641,Romeo Langford,Boston Celtics,G-F,167.5,394,217.0,325,0.0,298,9.3,6.8,0.0,18,32,0,0,0,0
1626220,Royce O'Neale,Utah Jazz,F,1875.0,119,1683.0,149,1350.5,196,26.4,23.7,16.5,71,71,82,0,0,0
200752,Rudy Gay,Utah Jazz,F-G,1721.0,140,1822.0,133,2538.5,86,27.3,27.2,36.8,63,67,69,1,1,0
203497,Rudy Gobert,Utah Jazz,C,4108.0,10,3893.5,13,5049.5,8,57.9,57.3,62.3,71,68,81,88,93,0
1629060,Rui Hachimura,Washington Wizards,F,1747.5,137,1581.0,163,0.0,298,30.7,32.9,0.0,57,48,0,5,0,0
201566,Russell Westbrook,Los Angeles Lakers,G,5442.5,2,3899.0,12,5936.0,2,83.7,68.4,81.3,65,57,73,196,160,0
1627853,Ryan Arcidiacono,Boston Celtics,G,401.5,339,740.0,260,1763.5,155,9.1,12.8,21.8,44,58,81,0,0,0
1630240,Saben Lee,Detroit Pistons,G,967.0,256,0.0,365,0.0,298,20.1,0.0,0.0,48,0,0,0,0,0
1630180,Saddiq Bey,Detroit Pistons,F,1873.0,121,0.0,365,0.0,298,26.8,0.0,0.0,70,0,0,0,0,0
1626155,Sam Dekker,Toronto Raptors,F,0.0,433,0.0,365,811.5,239,0.0,0.0,17.3,0,0,47,0,0,0
1630241,Sam Merrill,Memphis Grizzlies,G,223.5,384,0.0,365,0.0,298,7.4,0.0,0.0,30,0,0,0,0,0
1630253,Sean McDermott,Memphis Grizzlies,F,94.0,407,0.0,365,0.0,298,5.2,0.0,0.0,18,0,0,0,0,0
1629635,Sekou Doumbouya,Los Angeles Lakers,F,672.0,307,537.5,285,0.0,298,12.0,14.1,0.0,56,38,0,0,0,0
1628400,Semi Ojeleye,Milwaukee Bucks,F,623.0,313,627.0,274,418.5,265,11.1,9.1,7.5,56,69,56,0,0,0
201586,Serge Ibaka,LA Clippers,F,1371.0,191,2245.5,83,3132.5,55,33.4,40.8,42.3,41,55,74,19,4,0
203552,Seth Curry,Philadelphia 76ers,G,1598.0,153,1670.5,152,1180.5,214,28.0,26.1,16.0,57,64,74,8,0,0
1628983,Shai Gilgeous-Alexander,Oklahoma City Thunder,G,1907.0,114,3190.0,32,2438.5,93,54.5,45.6,29.7,35,70,82,93,2,0
1629003,Shake Milton,Philadelphia 76ers,G-F,1793.0,131,901.5,242,245.0,275,28.5,22.5,12.2,63,40,20,0,0,0
1627885,Shaquille Harrison,Philadelphia 76ers,G,256.0,376,678.0,268,1520.5,175,7.5,15.8,20.8,34,43,73,0,0,0
1630219,Skylar Mays,Atlanta Hawks,G,325.5,356,0.0,365,0.0,298,9.9,0.0,0.0,33,0,0,0,0,0
203524,Solomon Hill,Atlanta Hawks,F,943.5,261,955.0,236,594.0,252,13.3,16.2,13.5,71,59,44,0,0,0
203915,Spencer Dinwiddie,Washington Wizards,G,62.0,415,3043.0,38,2444.5,92,20.7,47.5,35.9,3,64,68,9,0,0
1626169,Stanley Johnson,Chicago Bulls,F-G,888.5,271,172.0,329,1124.5,222,14.6,6.9,17.0,61,25,66,0,0,0
201939,Stephen Curry,Golden State Warriors,G,4116.5,9,249.0,321,4059.0,25,65.3,49.8,58.8,63,5,69,157,181,0
1628425,Sterling Brown,Dallas Mavericks,G-F,1129.0,228,720.5,263,958.0,231,22.1,13.9,16.5,51,52,58,0,0,0
203500,Steven Adams,Memphis Grizzlies,C,1955.5,111,2635.5,50,3800.5,32,33.7,41.8,47.5,58,63,80,17,30,0
1629004,Svi Mykhailiuk,Toronto Raptors,G-F,1222.5,211,1088.5,223,297.5,272,18.5,19.4,7.1,66,56,42,0,0,0
204456,T.J. McConnell,Indiana Pacers,G,2623.5,57,1842.0,128,1694.0,163,38.0,25.9,22.3,69,71,76,0,0,0
203933,T.J. Warren,Indiana Pacers,F,116.5,402,2801.5,43,1655.0,167,29.1,41.8,38.5,4,67,43,34,2,0
1629605,Tacko Fall,Cleveland Cavaliers,C,218.5,387,69.0,345,0.0,298,11.5,9.9,0.0,19,7,0,0,0,0
201959,Taj Gibson,New York Knicks,F,1053.5,243,1197.0,212,2276.5,108,23.4,19.3,32.5,45,62,70,0,0,0
1629659,Talen Horton-Tucker,Los Angeles Lakers,G,1563.5,163,86.5,343,0.0,298,24.1,14.4,0.0,65,6,0,0,0,0
1627752,Taurean Prince,Minnesota Timberwolves,F,963.0,257,1807.5,136,1584.0,173,23.5,28.2,28.8,41,64,55,0,1,0
1629611,Terance Mann,LA Clippers,G-F,1332.5,195,363.0,307,0.0,298,19.9,8.9,0.0,67,41,0,0,0,0
1629056,Terence Davis,Sacramento Kings,G,1169.5,222,1370.0,195,0.0,298,19.2,19.0,0.0,61,72,0,0,0,0
203082,Terrence Ross,Orlando Magic,G-F,1489.5,177,1980.5,110,2482.5,90,32.4,28.7,30.6,46,69,81,0,1,0
1626179,Terry Rozier,Charlotte Hornets,G,3212.0,30,2511.5,60,2006.0,137,46.6,39.9,25.4,69,63,79,2,12,0
201152,Thaddeus Young,San Antonio Spurs,F,2738.5,52,1795.5,137,3104.5,56,40.3,28.1,38.3,68,64,81,0,2,0
203648,Thanasis Antetokounmpo,Milwaukee Bucks,F,551.0,323,151.0,332,0.0,298,9.7,7.6,0.0,57,20,0,7,0,0
1630177,Theo Maledon,Oklahoma City Thunder,G,1581.0,156,0.0,365,0.0,298,24.3,0.0,0.0,65,0,0,0,0,0
1629033,Theo Pinson,Boston Celtics,G-F,1.0,432,327.0,310,172.0,277,0.1,9.9,9.6,17,33,18,0,0,0
1628418,Thomas Bryant,Washington Wizards,C-F,371.0,346,1835.5,129,2323.5,103,37.1,39.9,32.3,10,46,72,21,27,0
203501,Tim Hardaway Jr.,Dallas Mavericks,G-F,2195.5,93,2159.0,92,2212.5,114,31.4,30.4,34.0,70,71,65,25,0,0
1627789,Timothe Luwawu-Cabarrot,Atlanta Hawks,G-F,825.0,284,742.5,259,522.5,256,14.2,15.8,10.4,58,47,50,0,0,0
202699,Tobias Harris,Philadelphia 76ers,F,3089.0,35,3367.0,25,3824.5,31,49.8,46.8,46.6,62,72,82,40,30,0
203107,Tomas Satoransky,New Orleans Pelicans,G,1495.5,174,2137.5,96,2520.5,87,25.8,32.9,31.5,58,65,80,1,1,0
1628396,Tony Bradley,Chicago Bulls,C-F,1018.0,248,1012.0,231,69.5,290,24.2,17.4,23.2,42,58,3,0,0,0
203503,Tony Snell,Portland Trail Blazers,G,702.0,305,1196.5,213,1085.0,224,14.9,20.3,14.7,47,59,74,0,0,0
1628470,Torrey Craig,Indiana Pacers,F,928.5,266,983.5,233,1339.5,198,18.6,17.0,17.9,50,58,75,0,0,0
1629027,Trae Young,Atlanta Hawks,G,3961.5,11,4106.5,9,4067.5,24,62.9,68.4,50.2,63,60,81,170,90,0
1630200,Tre Jones,San Antonio Spurs,G,263.0,373,0.0,365,0.0,298,7.1,0.0,0.0,37,0,0,0,0,0
1629682,Tremont Waters,Milwaukee Bucks,G,312.0,362,101.5,339,0.0,298,12.0,9.2,0.0,26,11,0,0,0,0
1630235,Trent Forrest,Utah Jazz,G,289.0,367,0.0,365,0.0,298,9.6,0.0,0.0,30,0,0,0,0,0
2772,Trevor Ariza,Los Angeles Lakers,F,816.5,285,1244.5,208,2377.5,94,27.2,23.5,34.5,30,53,69,0,0,0
203504,Trey Burke,Dallas Mavericks,G,900.5,270,633.0,272,1438.0,187,14.5,19.2,24.8,62,33,58,0,0,0
1626168,Trey Lyles,Detroit Pistons,F,310.5,363,1305.0,201,1265.5,204,13.5,20.7,19.8,23,63,64,0,0,0
202684,Tristan Thompson,Sacramento Kings,C-F,1499.0,173,2445.5,68,1743.0,157,27.8,42.9,40.5,54,57,43,4,1,0
1628972,Troy Brown Jr.,Chicago Bulls,G-F,425.0,334,2081.5,104,735.0,240,12.5,30.2,14.1,34,69,52,0,0,0
1629660,Ty Jerome,Oklahoma City Thunder,G-F,888.0,272,305.5,313,0.0,298,26.9,9.9,0.0,33,31,0,0,0,0
1630189,Tyler Bey,Houston Rockets,F,53.5,419,0.0,365,0.0,298,3.0,0.0,0.0,18,0,0,0,0,0
1629076,Tyler Cook,Chicago Bulls,F,398.0,341,61.5,346,0.0,298,12.4,4.7,0.0,32,13,0,0,0,0
1629639,Tyler Herro,Miami Heat,G,1901.0,115,1546.0,168,0.0,298,35.2,28.1,0.0,54,55,0,38,2,0
1630179,Tyrell Terry,Dallas Mavericks,G,41.0,421,0.0,365,0.0,298,3.7,0.0,0.0,11,0,0,0,0,0
1630169,Tyrese Haliburton,Sacramento Kings,G,2274.5,80,0.0,365,0.0,298,39.2,0.0,0.0,58,0,0,0,0,0
1630178,Tyrese Maxey,Philadelphia 76ers,G,1153.5,223,0.0,365,0.0,298,18.9,0.0,0.0,61,0,0,0,0,0
1626145,Tyus Jones,Memphis Grizzlies,G,1556.0,165,1601.5,162,1829.0,151,22.2,24.6,26.9,70,65,68,0,0,0
1628962,Udoka Azubuike,Utah Jazz,C-F,52.5,420,0.0,365,0.0,298,3.5,0.0,0.0,15,0,0,0,0,0
2617,Udonis Haslem,Miami Heat,F,8.0,429,33.0,355,64.5,291,8.0,8.2,6.4,1,4,10,0,0,0
1630176,Vernon Carey Jr.,Charlotte Hornets,F-C,116.5,402,0.0,365,0.0,298,6.1,0.0,0.0,19,0,0,0,0,0
203506,Victor Oladipo,Miami Heat,G,1444.0,183,559.0,279,1712.5,161,43.8,29.4,47.6,33,19,36,28,1,0
1628427,Vlatko Cancar,Denver Nuggets,F,224.5,383,45.5,350,0.0,298,5.5,3.2,0.0,41,14,0,0,0,0
201961,Wayne Ellington,Los Angeles Lakers,G,906.5,269,424.0,301,1127.0,220,19.7,11.8,21.3,46,36,53,0,0,0
1627782,Wayne Selden,New York Knicks,G,0.0,433,0.0,365,1173.5,215,0.0,0.0,15.6,0,0,75,0,0,0
1628976,Wendell Carter Jr.,Orlando Magic,C-F,1958.0,110,1649.5,155,1494.5,182,36.3,38.4,34.0,54,43,44,28,1,0
1629117,Wenyen Gabriel,New Orleans Pelicans,F,226.5,382,206.0,327,0.0,298,10.8,6.9,0.0,21,30,0,0,0,0
1628411,Wes Iwundu,Charlotte Hornets,F,286.5,368,788.0,253,952.0,232,7.0,15.2,14.0,41,52,68,0,0,0
203115,Will Barton,Denver Nuggets,G,1745.5,138,2386.5,72,1219.5,210,31.2,41.1,28.4,56,58,43,2,0,0
1626161,Willie Cauley-Stein,Dallas Mavericks,C,1001.5,249,1510.5,174,3320.0,45,18.9,28.0,41.0,53,54,81,1,1,0
1626195,Willy Hernangomez,New Orleans Pelicans,C-F,1321.0,197,540.0,284,1240.5,207,28.1,17.4,21.4,47,31,58,0,0,0
1630214,Xavier Tillman Sr.,Memphis Grizzlies,F,1294.0,202,0.0,365,0.0,298,21.9,0.0,0.0,59,0,0,0,0,0
1629139,Yuta Watanabe,Toronto Raptors,G-F,715.5,303,103.0,338,99.5,286,14.3,5.7,6.6,50,18,15,0,0,0
1628380,Zach Collins,San Antonio Spurs,F-C,0.0,433,251.0,319,1516.0,177,0.0,22.8,19.7,0,11,77,0,1,0
203897,Zach LaVine,Chicago Bulls,G-F,3233.0,29,3092.5,37,3044.0,59,55.7,51.5,48.3,58,60,63,69,81,0
1630192,Zeke Nnaji,Denver Nuggets,F-C,325.0,357,0.0,365,0.0,298,7.7,0.0,0.0,42,0,0,0,0,0
1629627,Zion Williamson,New Orleans Pelicans,F,3805.0,14,1132.0,220,0.0,298,62.4,47.2,0.0,61,24,0,95,37,0
1629597,Zylan Cheatham,New Orleans Pelicans,F,0.0,433,37.5,352,0.0,298,0.0,9.4,0.0,0,4,0,0,0,0
