name,season,fp,price
Aaron Gordon,2014-2015,716.5,
Aaron Gordon,2015-2016,2368.0,
Aaron Gordon,2016-2017,2545.0,
Aaron Gordon,2017-2018,2582.5,
Aaron Gordon,2018-2019,3416.0,
Aaron Gordon,2019-2020,2653.5,23.0
Aaron Holiday,2018-2019,714.5,
Aaron Holiday,2019-2020,1682.0,
Abdel Nader,2019-2020,757.5,
Abdel Nader,2017-2018,343.0,
Abdel Nader,2018-2019,558.5,
Adam Mokoka,2019-2020,78.5,
Admiral Schofield,2019-2020,222.5,
Al Horford,2017-2018,3128.0,
Al Horford,2019-2020,2612.0,7.0
Al Horford,2018-2019,3056.0,
Al Horford,2016-2017,3110.5,
Al Horford,2015-2016,3818.0,
Al Horford,2013-2014,1539.0,
Al Horford,2012-2013,4176.5,
Al Horford,2011-2012,442.0,
Al Horford,2010-2011,3984.5,
Al Horford,2014-2015,3577.5,
Al-Farouq Aminu,2014-2015,1533.0,
Al-Farouq Aminu,2010-2011,1165.5,
Al-Farouq Aminu,2011-2012,1260.5,
Al-Farouq Aminu,2012-2013,2126.5,
Al-Farouq Aminu,2013-2014,1962.5,
Al-Farouq Aminu,2015-2016,2339.0,
Al-Farouq Aminu,2016-2017,1675.5,
Al-Farouq Aminu,2017-2018,2011.0,
Al-Farouq Aminu,2018-2019,2339.0,
Al-Farouq Aminu,2019-2020,295.5,
Alec Burks,2018-2019,1427.0,
Alec Burks,2017-2018,1073.0,
Alec Burks,2019-2020,2261.5,
Alec Burks,2016-2017,593.5,
Alec Burks,2014-2015,837.5,
Alec Burks,2013-2014,2275.0,
Alec Burks,2012-2013,1035.0,
Alec Burks,2011-2012,910.5,
Alec Burks,2015-2016,813.5,
Alen Smailagic,2019-2020,156.0,
Alex Caruso,2017-2018,472.5,
Alex Caruso,2018-2019,660.0,
Alex Caruso,2019-2020,1090.0,
Alex Len,2013-2014,292.5,
Alex Len,2014-2015,1784.5,
Alex Len,2015-2016,2248.0,
Alex Len,2016-2017,2074.0,
Alex Len,2017-2018,2055.5,
Alex Len,2018-2019,2261.0,
Alex Len,2019-2020,1397.5,1.0
Alfonzo McKinnie,2019-2020,481.5,
Alfonzo McKinnie,2018-2019,945.0,
Alfonzo McKinnie,2017-2018,41.5,
Alize Johnson,2018-2019,54.0,
Alize Johnson,2019-2020,140.5,
Allen Crabbe,2013-2014,51.0,
Allen Crabbe,2014-2015,488.5,
Allen Crabbe,2015-2016,1797.5,
Allen Crabbe,2016-2017,1818.5,
Allen Crabbe,2017-2018,2103.0,
Allen Crabbe,2018-2019,849.0,
Allen Crabbe,2019-2020,404.5,
Allonzo Trier,2018-2019,1433.0,
Allonzo Trier,2019-2020,267.0,
Amile Jefferson,2018-2019,95.5,
Amile Jefferson,2019-2020,68.0,
Amir Coffey,2019-2020,139.0,
Andre Drummond,2018-2019,5226.5,
Andre Drummond,2017-2018,5007.0,
Andre Drummond,2019-2020,3538.5,113.0
Andre Drummond,2016-2017,4173.5,
Andre Drummond,2015-2016,4644.0,
Andre Drummond,2014-2015,4345.5,
Andre Drummond,2013-2014,4343.0,
Andre Drummond,2012-2013,1935.0,
Andre Iguodala,2010-2011,3122.5,
Andre Iguodala,2011-2012,2655.0,
Andre Iguodala,2012-2013,3314.0,
Andre Iguodala,2013-2014,2005.0,
Andre Iguodala,2014-2015,1896.0,
Andre Iguodala,2015-2016,1631.5,
Andre Iguodala,2016-2017,2108.5,
Andre Iguodala,2017-2018,1523.5,
Andre Iguodala,2018-2019,1659.0,
Andre Iguodala,2019-2020,420.5,
Andre Roberson,2019-2020,74.0,
Andre Roberson,2017-2018,864.0,
Andre Roberson,2016-2017,1902.0,
Andre Roberson,2014-2015,982.5,
Andre Roberson,2013-2014,311.5,
Andre Roberson,2015-2016,1179.0,
Andrew Wiggins,2019-2020,2509.5,32.0
Andrew Wiggins,2014-2015,2986.0,
Andrew Wiggins,2015-2016,3224.0,
Andrew Wiggins,2016-2017,3621.5,
Andrew Wiggins,2017-2018,3035.0,
Andrew Wiggins,2018-2019,2825.5,
Anfernee Simons,2018-2019,130.5,
Anfernee Simons,2019-2020,1162.5,
Ante Zizic,2017-2018,322.5,
Ante Zizic,2018-2019,1292.0,
Ante Zizic,2019-2020,276.5,
Anthony Davis,2018-2019,4467.0,
Anthony Davis,2019-2020,4276.5,176.0
Anthony Davis,2016-2017,5591.0,
Anthony Davis,2017-2018,5892.5,
Anthony Davis,2014-2015,5048.0,
Anthony Davis,2015-2016,4010.0,
Anthony Davis,2013-2014,4369.5,
Anthony Davis,2012-2013,2820.0,
Anthony Tolliver,2019-2020,584.0,
Anthony Tolliver,2018-2019,795.5,
Anthony Tolliver,2017-2018,1590.5,
Anthony Tolliver,2015-2016,973.5,
Anthony Tolliver,2016-2017,1196.0,
Anthony Tolliver,2013-2014,901.5,
Anthony Tolliver,2012-2013,615.5,
Anthony Tolliver,2011-2012,587.5,
Anthony Tolliver,2010-2011,1332.0,
Anthony Tolliver,2014-2015,1119.5,
Antonius Cleveland,2017-2018,81.0,
Antonius Cleveland,2019-2020,33.5,
Anzejs Pasecniks,2019-2020,444.5,
Aron Baynes,2017-2018,1621.0,
Aron Baynes,2018-2019,974.0,
Aron Baynes,2019-2020,1158.5,
Aron Baynes,2016-2017,1194.5,
Aron Baynes,2013-2014,448.0,
Aron Baynes,2014-2015,1275.5,
Aron Baynes,2012-2013,123.0,
Aron Baynes,2015-2016,1537.5,
Austin Rivers,2012-2013,884.5,
Austin Rivers,2013-2014,1213.5,
Austin Rivers,2014-2015,1339.5,
Austin Rivers,2015-2016,1266.0,
Austin Rivers,2016-2017,1868.0,
Austin Rivers,2017-2018,2091.0,
Austin Rivers,2018-2019,1492.5,
Austin Rivers,2019-2020,1367.5,
Avery Bradley,2016-2017,2145.5,
Avery Bradley,2019-2020,896.5,
Avery Bradley,2018-2019,1448.5,
Avery Bradley,2017-2018,1250.5,
Avery Bradley,2015-2016,2481.0,
Avery Bradley,2013-2014,1726.5,
Avery Bradley,2012-2013,1140.5,
Avery Bradley,2011-2012,1105.5,
Avery Bradley,2010-2011,108.0,
Avery Bradley,2014-2015,2194.0,
BJ Johnson,2018-2019,46.0,
BJ Johnson,2019-2020,58.5,
Bam Adebayo,2017-2018,1640.5,
Bam Adebayo,2018-2019,2659.0,
Bam Adebayo,2019-2020,4126.0,23.0
Ben McLemore,2019-2020,1410.0,
Ben McLemore,2018-2019,150.0,
Ben McLemore,2016-2017,954.0,
Ben McLemore,2017-2018,926.0,
Ben McLemore,2014-2015,2024.0,
Ben McLemore,2013-2014,1378.0,
Ben McLemore,2015-2016,1101.5,
Ben Simmons,2017-2018,4983.5,
Ben Simmons,2018-2019,4835.0,
Ben Simmons,2019-2020,3490.5,105.0
Bismack Biyombo,2018-2019,918.0,
Bismack Biyombo,2011-2012,1420.0,
Bismack Biyombo,2012-2013,1953.5,
Bismack Biyombo,2013-2014,1069.5,
Bismack Biyombo,2014-2015,1439.5,
Bismack Biyombo,2015-2016,2097.0,
Bismack Biyombo,2016-2017,1937.5,
Bismack Biyombo,2017-2018,1803.0,
Bismack Biyombo,2019-2020,1311.5,
Blake Griffin,2018-2019,4232.0,
Blake Griffin,2017-2018,3103.5,
Blake Griffin,2019-2020,579.5,51.0
Blake Griffin,2015-2016,1979.5,
Blake Griffin,2016-2017,3432.5,
Blake Griffin,2013-2014,4966.0,
Blake Griffin,2014-2015,3869.0,
Blake Griffin,2012-2013,4126.0,
Blake Griffin,2011-2012,3908.0,
Blake Griffin,2010-2011,5258.0,
Boban Marjanovic,2015-2016,869.5,
Boban Marjanovic,2016-2017,581.5,
Boban Marjanovic,2017-2018,606.5,
Boban Marjanovic,2018-2019,1230.5,
Boban Marjanovic,2019-2020,814.5,
Bobby Portis,2019-2020,1631.5,
Bobby Portis,2018-2019,1868.5,
Bobby Portis,2015-2016,1308.0,
Bobby Portis,2016-2017,1151.5,
Bobby Portis,2017-2018,2493.5,
Bogdan Bogdanovic,2017-2018,2217.5,
Bogdan Bogdanovic,2018-2019,2351.0,
Bogdan Bogdanovic,2019-2020,2047.0,1.0
Bojan Bogdanovic,2018-2019,2830.5,
Bojan Bogdanovic,2019-2020,2220.0,7.0
Bojan Bogdanovic,2017-2018,2220.5,
Bojan Bogdanovic,2014-2015,1391.5,
Bojan Bogdanovic,2015-2016,1654.5,
Bojan Bogdanovic,2016-2017,2017.5,
Bol Bol,2019-2020,107.5,
Brad Wanamaker,2018-2019,387.5,
Brad Wanamaker,2019-2020,1377.5,
Bradley Beal,2012-2013,1777.0,
Bradley Beal,2013-2014,2598.0,
Bradley Beal,2014-2015,2196.0,
Bradley Beal,2015-2016,1961.5,
Bradley Beal,2016-2017,3553.0,
Bradley Beal,2017-2018,4022.5,
Bradley Beal,2018-2019,4873.0,
Bradley Beal,2019-2020,3521.0,132.0
Brandon Clarke,2019-2020,1857.0,
Brandon Goodwin,2019-2020,476.0,
Brandon Goodwin,2018-2019,60.0,
Brandon Ingram,2019-2020,3113.5,7.0
Brandon Ingram,2018-2019,2022.5,
Brandon Ingram,2016-2017,1817.0,
Brandon Ingram,2017-2018,2359.5,
Brandon Knight,2011-2012,1902.0,
Brandon Knight,2012-2013,2227.5,
Brandon Knight,2013-2014,2776.0,
Brandon Knight,2014-2015,2535.5,
Brandon Knight,2015-2016,2236.0,
Brandon Knight,2016-2017,1196.5,
Brandon Knight,2018-2019,598.5,
Brandon Knight,2019-2020,406.0,
Brian Bowen II,2019-2020,16.0,
Brook Lopez,2015-2016,3938.0,
Brook Lopez,2019-2020,2365.5,18.0
Brook Lopez,2018-2019,2795.0,
Brook Lopez,2017-2018,2349.0,
Brook Lopez,2016-2017,3409.5,
Brook Lopez,2014-2015,3306.0,
Brook Lopez,2013-2014,803.5,
Brook Lopez,2012-2013,3598.5,
Brook Lopez,2011-2012,185.5,
Brook Lopez,2010-2011,3813.0,
Bruce Brown,2018-2019,1049.0,
Bruce Brown,2019-2020,1753.5,
Bruno Caboclo,2014-2015,12.5,
Bruno Caboclo,2015-2016,4.5,
Bruno Caboclo,2016-2017,49.0,
Bruno Caboclo,2017-2018,82.5,
Bruno Caboclo,2018-2019,838.5,
Bruno Caboclo,2019-2020,320.0,
Bruno Fernando,2019-2020,754.5,
Bryn Forbes,2019-2020,1316.5,
Bryn Forbes,2018-2019,2076.5,
Bryn Forbes,2017-2018,1096.0,
Bryn Forbes,2016-2017,181.0,
Buddy Hield,2016-2017,1749.5,
Buddy Hield,2017-2018,2379.5,
Buddy Hield,2018-2019,3501.5,
Buddy Hield,2019-2020,2699.0,50.0
CJ McCollum,2019-2020,3362.0,36.0
CJ McCollum,2018-2019,3026.0,
CJ McCollum,2017-2018,3576.0,
CJ McCollum,2016-2017,3791.0,
CJ McCollum,2015-2016,3535.5,
CJ McCollum,2014-2015,917.0,
CJ McCollum,2013-2014,350.0,
CJ Miles,2019-2020,160.5,
CJ Miles,2018-2019,701.5,
CJ Miles,2017-2018,1329.5,
CJ Miles,2016-2017,1677.0,
CJ Miles,2015-2016,1497.0,
CJ Miles,2012-2013,1429.0,
CJ Miles,2013-2014,1061.0,
CJ Miles,2011-2012,1083.0,
CJ Miles,2010-2011,2172.0,
CJ Miles,2014-2015,1811.5,
Caleb Martin,2019-2020,279.5,
Caleb Swanigan,2017-2018,174.5,
Caleb Swanigan,2018-2019,156.5,
Caleb Swanigan,2019-2020,255.5,
Cam Reddish,2019-2020,1362.0,
Cameron Johnson,2019-2020,1246.5,
Cameron Reynolds,2018-2019,215.0,
Caris LeVert,2018-2019,1358.0,
Caris LeVert,2019-2020,1814.0,13.0
Caris LeVert,2016-2017,1184.0,
Caris LeVert,2017-2018,2293.5,
Carmelo Anthony,2018-2019,274.5,
Carmelo Anthony,2017-2018,2665.5,
Carmelo Anthony,2019-2020,2005.5,
Carmelo Anthony,2015-2016,3796.0,
Carmelo Anthony,2016-2017,3418.5,
Carmelo Anthony,2013-2014,4693.0,
Carmelo Anthony,2014-2015,2052.5,
Carmelo Anthony,2012-2013,3766.5,
Carmelo Anthony,2011-2012,2742.5,
Carmelo Anthony,2010-2011,4197.5,
Carsen Edwards,2019-2020,273.0,
Cedi Osman,2017-2018,588.0,
Cedi Osman,2018-2019,2263.0,
Cedi Osman,2019-2020,1674.5,
Chandler Hutchison,2018-2019,670.5,
Chandler Hutchison,2019-2020,542.5,
Chandler Parsons,2019-2020,39.5,
Chandler Parsons,2017-2018,707.0,
Chandler Parsons,2016-2017,513.0,
Chandler Parsons,2015-2016,2005.5,
Chandler Parsons,2018-2019,432.5,
Chandler Parsons,2013-2014,3077.0,
Chandler Parsons,2012-2013,2980.0,
Chandler Parsons,2014-2015,2366.0,
Chandler Parsons,2011-2012,1743.5,
Charles Brown Jr.,2019-2020,44.0,
Cheick Diallo,2016-2017,287.5,
Cheick Diallo,2017-2018,783.5,
Cheick Diallo,2018-2019,1314.0,
Cheick Diallo,2019-2020,588.5,
Chimezie Metu,2019-2020,170.5,
Chimezie Metu,2018-2019,137.0,
Chris Boucher,2017-2018,0.0,
Chris Boucher,2018-2019,315.0,
Chris Boucher,2019-2020,1327.5,
Chris Chiozza,2018-2019,26.5,
Chris Chiozza,2019-2020,447.5,
Chris Clemons,2019-2020,325.0,
Chris Paul,2016-2017,3693.0,
Chris Paul,2019-2020,3437.0,89.0
Chris Paul,2018-2019,3020.0,
Chris Paul,2017-2018,3222.0,
Chris Paul,2015-2016,4761.5,
Chris Paul,2011-2012,3781.5,
Chris Paul,2013-2014,4163.0,
Chris Paul,2012-2013,4253.5,
Chris Paul,2014-2015,5358.5,
Chris Paul,2010-2011,4694.0,
Chris Silva,2019-2020,458.0,
Christian Wood,2015-2016,179.0,
Christian Wood,2016-2017,115.5,
Christian Wood,2018-2019,416.0,
Christian Wood,2019-2020,2118.0,
Clint Capela,2018-2019,3919.5,
Clint Capela,2017-2018,3707.5,
Clint Capela,2019-2020,2141.0,78.0
Clint Capela,2015-2016,2110.0,
Clint Capela,2014-2015,118.0,
Clint Capela,2016-2017,2521.5,
Coby White,2019-2020,1692.5,1.0
Cody Martin,2019-2020,792.5,
Cody Zeller,2019-2020,1839.5,
Cody Zeller,2018-2019,1635.0,
Cody Zeller,2017-2018,736.5,
Cody Zeller,2016-2017,2093.5,
Cody Zeller,2014-2015,1578.5,
Cody Zeller,2013-2014,1471.5,
Cody Zeller,2015-2016,2044.5,
Collin Sexton,2018-2019,2629.5,
Collin Sexton,2019-2020,2572.5,1.0
Cory Joseph,2016-2017,2037.5,
Cory Joseph,2019-2020,1521.5,
Cory Joseph,2018-2019,2061.0,
Cory Joseph,2015-2016,1873.5,
Cory Joseph,2017-2018,1987.5,
Cory Joseph,2013-2014,934.0,
Cory Joseph,2014-2015,1557.0,
Cory Joseph,2012-2013,394.5,
Cory Joseph,2011-2012,190.5,
Courtney Lee,2010-2011,1564.5,
Courtney Lee,2011-2012,1491.0,
Courtney Lee,2012-2013,1635.5,
Courtney Lee,2013-2014,1747.5,
Courtney Lee,2014-2015,1794.5,
Courtney Lee,2015-2016,1873.0,
Courtney Lee,2016-2017,2149.0,
Courtney Lee,2017-2018,2158.0,
Courtney Lee,2018-2019,380.0,
Courtney Lee,2019-2020,273.5,
Cristiano Felicio,2019-2020,331.5,
Cristiano Felicio,2017-2018,934.5,
Cristiano Felicio,2018-2019,736.5,
Cristiano Felicio,2015-2016,395.5,
Cristiano Felicio,2016-2017,1117.0,
D'Angelo Russell,2015-2016,2350.0,
D'Angelo Russell,2016-2017,2318.5,
D'Angelo Russell,2017-2018,1774.0,
D'Angelo Russell,2018-2019,4152.0,
D'Angelo Russell,2019-2020,2211.5,63.0
D.J. Augustin,2019-2020,1516.0,
D.J. Augustin,2018-2019,2628.0,
D.J. Augustin,2017-2018,1932.0,
D.J. Augustin,2016-2017,1375.0,
D.J. Augustin,2015-2016,1225.0,
D.J. Augustin,2011-2012,1554.0,
D.J. Augustin,2013-2014,2133.0,
D.J. Augustin,2012-2013,968.0,
D.J. Augustin,2010-2011,3059.5,
D.J. Augustin,2014-2015,2019.0,
D.J. Wilson,2018-2019,857.5,
D.J. Wilson,2019-2020,321.0,
D.J. Wilson,2017-2018,56.0,
DaQuan Jeffries,2019-2020,121.0,
Damian Jones,2016-2017,64.0,
Damian Jones,2017-2018,67.5,
Damian Jones,2018-2019,446.0,
Damian Jones,2019-2020,1027.0,
Damian Lillard,2019-2020,4431.0,128.0
Damian Lillard,2018-2019,4830.5,
Damian Lillard,2017-2018,4373.0,
Damian Lillard,2016-2017,4363.0,
Damian Lillard,2014-2015,4058.5,
Damian Lillard,2013-2014,3753.5,
Damian Lillard,2012-2013,3669.0,
Damian Lillard,2015-2016,4198.5,
Damion Lee,2017-2018,396.5,
Damion Lee,2018-2019,342.5,
Damion Lee,2019-2020,1512.0,
Damyean Dotson,2019-2020,715.0,
Damyean Dotson,2018-2019,1767.5,
Damyean Dotson,2017-2018,449.5,
Daniel Gafford,2019-2020,758.5,
Daniel Theis,2017-2018,1179.0,
Daniel Theis,2018-2019,1212.5,
Daniel Theis,2019-2020,2127.0,
Danilo Gallinari,2019-2020,2225.5,15.0
Danilo Gallinari,2010-2011,2068.5,
Danilo Gallinari,2011-2012,1479.0,
Danilo Gallinari,2012-2013,2581.0,
Danilo Gallinari,2014-2015,1555.0,
Danilo Gallinari,2015-2016,2178.5,
Danilo Gallinari,2016-2017,2380.0,
Danilo Gallinari,2017-2018,672.5,
Danilo Gallinari,2018-2019,2968.5,
Danny Green,2017-2018,1711.0,
Danny Green,2016-2017,1508.0,
Danny Green,2019-2020,1393.5,1.0
Danny Green,2015-2016,1770.5,
Danny Green,2018-2019,2169.5,
Danny Green,2013-2014,1653.5,
Danny Green,2012-2013,2123.5,
Danny Green,2011-2012,1572.5,
Danny Green,2010-2011,81.5,
Danny Green,2014-2015,2603.5,
Dante Exum,2018-2019,717.5,
Dante Exum,2017-2018,296.0,
Dante Exum,2019-2020,411.0,
Dante Exum,2014-2015,1067.5,
Dante Exum,2016-2017,944.0,
Danuel House Jr.,2016-2017,1.0,
Danuel House Jr.,2017-2018,377.0,
Danuel House Jr.,2018-2019,820.5,
Danuel House Jr.,2019-2020,1656.5,
Dario Saric,2019-2020,1865.0,
Dario Saric,2016-2017,2494.0,
Dario Saric,2017-2018,2858.5,
Dario Saric,2018-2019,2089.5,
Darius Bazley,2019-2020,964.5,
Darius Garland,2019-2020,1512.5,
Darius Miller,2012-2013,410.0,
Darius Miller,2013-2014,444.5,
Darius Miller,2014-2015,7.0,
Darius Miller,2017-2018,1387.0,
Darius Miller,2018-2019,1342.0,
Daryl Macon,2018-2019,60.5,
Daryl Macon,2019-2020,2.5,
David Nwaba,2019-2020,270.5,
David Nwaba,2018-2019,926.0,
David Nwaba,2016-2017,338.0,
David Nwaba,2017-2018,1624.0,
Davis Bertans,2016-2017,763.0,
Davis Bertans,2017-2018,1099.5,
Davis Bertans,2018-2019,1547.0,
Davis Bertans,2019-2020,1774.5,
De'Aaron Fox,2017-2018,2150.0,
De'Aaron Fox,2018-2019,4082.5,
De'Aaron Fox,2019-2020,2642.0,52.0
De'Andre Hunter,2019-2020,1662.0,
De'Anthony Melton,2019-2020,1435.5,
De'Anthony Melton,2018-2019,1027.5,
DeAndre Jordan,2010-2011,2308.5,
DeAndre Jordan,2018-2019,3210.0,
DeAndre Jordan,2017-2018,3784.5,
DeAndre Jordan,2016-2017,4077.0,
DeAndre Jordan,2015-2016,4084.0,
DeAndre Jordan,2019-2020,1903.0,19.0
DeAndre Jordan,2013-2014,4058.0,
DeAndre Jordan,2012-2013,2465.5,
DeAndre Jordan,2011-2012,2086.5,
DeAndre Jordan,2014-2015,4390.5,
DeAndre' Bembry,2016-2017,291.5,
DeAndre' Bembry,2017-2018,401.5,
DeAndre' Bembry,2018-2019,2078.5,
DeAndre' Bembry,2019-2020,835.0,
DeMar DeRozan,2016-2017,4055.5,
DeMar DeRozan,2019-2020,3621.0,48.0
DeMar DeRozan,2018-2019,4211.5,
DeMar DeRozan,2017-2018,4004.5,
DeMar DeRozan,2015-2016,3806.5,
DeMar DeRozan,2014-2015,2536.5,
DeMar DeRozan,2013-2014,3686.0,
DeMar DeRozan,2012-2013,2998.0,
DeMar DeRozan,2011-2012,1994.0,
DeMar DeRozan,2010-2011,2879.5,
DeMarcus Cousins,2018-2019,1493.5,
DeMarcus Cousins,2017-2018,3527.5,
DeMarcus Cousins,2016-2017,5107.0,
DeMarcus Cousins,2015-2016,4521.5,
DeMarcus Cousins,2014-2015,4156.5,
DeMarcus Cousins,2013-2014,4617.0,
DeMarcus Cousins,2012-2013,3741.0,
DeMarcus Cousins,2011-2012,3450.0,
DeMarcus Cousins,2010-2011,3252.5,
DeMarre Carroll,2018-2019,1624.0,
DeMarre Carroll,2019-2020,247.0,
DeMarre Carroll,2017-2018,2500.0,
DeMarre Carroll,2016-2017,1623.0,
DeMarre Carroll,2015-2016,696.5,
DeMarre Carroll,2011-2012,291.5,
DeMarre Carroll,2013-2014,2229.0,
DeMarre Carroll,2010-2011,40.0,
DeMarre Carroll,2014-2015,2253.0,
DeMarre Carroll,2012-2013,1179.5,
Dean Wade,2019-2020,75.0,
Deandre Ayton,2018-2019,3640.0,
Deandre Ayton,2019-2020,2117.5,65.0
Dejounte Murray,2016-2017,320.0,
Dejounte Murray,2017-2018,2280.5,
Dejounte Murray,2019-2020,2316.5,1.0
Delon Wright,2015-2016,271.0,
Delon Wright,2016-2017,486.0,
Delon Wright,2017-2018,1732.0,
Delon Wright,2018-2019,2147.0,
Delon Wright,2019-2020,1794.0,
Dennis Schroder,2016-2017,3404.0,
Dennis Schroder,2019-2020,2489.5,
Dennis Schroder,2018-2019,2661.5,
Dennis Schroder,2017-2018,3022.0,
Dennis Schroder,2014-2015,1964.5,
Dennis Schroder,2013-2014,433.0,
Dennis Schroder,2015-2016,2148.5,
Dennis Smith Jr.,2017-2018,2543.0,
Dennis Smith Jr.,2018-2019,1790.5,
Dennis Smith Jr.,2019-2020,558.0,
Denzel Valentine,2016-2017,711.0,
Denzel Valentine,2017-2018,2208.5,
Denzel Valentine,2019-2020,564.5,
Deonte Burton,2018-2019,194.0,
Deonte Burton,2019-2020,246.5,
Derrick Favors,2016-2017,1457.5,
Derrick Favors,2018-2019,2903.5,
Derrick Favors,2017-2018,2874.0,
Derrick Favors,2019-2020,1858.5,21.0
Derrick Favors,2015-2016,2972.5,
Derrick Favors,2013-2014,3014.0,
Derrick Favors,2012-2013,2508.0,
Derrick Favors,2011-2012,1809.0,
Derrick Favors,2010-2011,1697.0,
Derrick Favors,2014-2015,3489.5,
Derrick Jones Jr.,2016-2017,467.0,
Derrick Jones Jr.,2017-2018,207.5,
Derrick Jones Jr.,2018-2019,1238.0,
Derrick Jones Jr.,2019-2020,1430.0,
Derrick Rose,2018-2019,2041.5,
Derrick Rose,2017-2018,374.0,
Derrick Rose,2016-2017,2615.0,
Derrick Rose,2015-2016,2355.5,
Derrick Rose,2019-2020,2035.0,
Derrick Rose,2013-2014,304.0,
Derrick Rose,2011-2012,2171.0,
Derrick Rose,2010-2011,4959.0,
Derrick Rose,2014-2015,1913.0,
Derrick Walton Jr.,2017-2018,124.5,
Derrick Walton Jr.,2019-2020,171.5,
Derrick White,2017-2018,144.5,
Derrick White,2018-2019,2080.5,
Derrick White,2019-2020,2111.5,1.0
Devin Booker,2019-2020,3861.0,75.0
Devin Booker,2018-2019,3604.5,
Devin Booker,2016-2017,3170.0,
Devin Booker,2015-2016,2075.5,
Devin Booker,2017-2018,2633.5,
Devon Hall,2019-2020,62.0,
Devontae Cacok,2019-2020,18.5,
Devonte' Graham,2018-2019,652.0,
Devonte' Graham,2019-2020,2888.5,
Dewan Hernandez,2019-2020,41.5,
Dewayne Dedmon,2018-2019,2242.5,
Dewayne Dedmon,2019-2020,818.5,
Dewayne Dedmon,2016-2017,1626.0,
Dewayne Dedmon,2017-2018,2025.0,
Dewayne Dedmon,2015-2016,907.0,
Dewayne Dedmon,2014-2015,920.0,
Dewayne Dedmon,2013-2014,320.0,
Dillon Brooks,2017-2018,1924.5,
Dillon Brooks,2018-2019,269.5,
Dillon Brooks,2019-2020,2294.5,
Dion Waiters,2012-2013,1831.5,
Dion Waiters,2013-2014,2206.0,
Dion Waiters,2014-2015,2013.0,
Dion Waiters,2015-2016,1701.5,
Dion Waiters,2016-2017,1689.0,
Dion Waiters,2017-2018,892.0,
Dion Waiters,2018-2019,1123.5,
Dion Waiters,2019-2020,228.0,
Domantas Sabonis,2019-2020,3820.5,47.0
Domantas Sabonis,2018-2019,3236.5,
Domantas Sabonis,2016-2017,1268.0,
Domantas Sabonis,2017-2018,2506.0,
Donovan Mitchell,2017-2018,3328.5,
Donovan Mitchell,2018-2019,3725.5,
Donovan Mitchell,2019-2020,3184.5,33.0
Donte DiVincenzo,2018-2019,347.0,
Donte DiVincenzo,2019-2020,1774.0,
Dorian Finney-Smith,2017-2018,330.5,
Dorian Finney-Smith,2016-2017,1046.0,
Dorian Finney-Smith,2018-2019,1810.5,
Dorian Finney-Smith,2019-2020,1934.0,
Doug McDermott,2018-2019,1112.0,
Doug McDermott,2017-2018,1350.0,
Doug McDermott,2019-2020,1391.5,
Doug McDermott,2015-2016,1412.5,
Doug McDermott,2014-2015,189.0,
Doug McDermott,2016-2017,1165.0,
Dragan Bender,2018-2019,770.0,
Dragan Bender,2019-2020,312.0,
Dragan Bender,2016-2017,417.0,
Dragan Bender,2017-2018,1502.5,
Draymond Green,2012-2013,846.0,
Draymond Green,2013-2014,1911.0,
Draymond Green,2014-2015,3428.0,
Draymond Green,2015-2016,4729.5,
Draymond Green,2016-2017,3797.0,
Draymond Green,2017-2018,3382.5,
Draymond Green,2018-2019,2615.5,
Draymond Green,2019-2020,1580.0,45.0
Drew Eubanks,2019-2020,359.0,
Drew Eubanks,2018-2019,130.0,
Duncan Robinson,2018-2019,102.0,
Duncan Robinson,2019-2020,1963.5,
Dwayne Bacon,2017-2018,458.5,
Dwayne Bacon,2018-2019,690.5,
Dwayne Bacon,2019-2020,465.0,
Dwight Howard,2018-2019,323.5,
Dwight Howard,2017-2018,4256.0,
Dwight Howard,2019-2020,1864.0,2.0
Dwight Howard,2016-2017,3730.5,
Dwight Howard,2015-2016,3437.0,
Dwight Howard,2012-2013,4314.5,
Dwight Howard,2013-2014,3913.0,
Dwight Howard,2011-2012,3605.5,
Dwight Howard,2010-2011,5426.0,
Dwight Howard,2014-2015,1906.5,
Dwight Powell,2014-2015,245.5,
Dwight Powell,2015-2016,1193.0,
Dwight Powell,2016-2017,1559.0,
Dwight Powell,2017-2018,2074.0,
Dwight Powell,2018-2019,2305.0,
Dwight Powell,2019-2020,1145.0,
Dzanan Musa,2018-2019,30.5,
Dzanan Musa,2019-2020,430.0,
E'Twaun Moore,2017-2018,2351.0,
E'Twaun Moore,2019-2020,1041.5,
E'Twaun Moore,2018-2019,1371.5,
E'Twaun Moore,2016-2017,1737.0,
E'Twaun Moore,2015-2016,1099.0,
E'Twaun Moore,2014-2015,402.5,
E'Twaun Moore,2013-2014,1204.0,
E'Twaun Moore,2012-2013,1557.5,
E'Twaun Moore,2011-2012,271.0,
Ed Davis,2010-2011,1900.5,
Ed Davis,2011-2012,1619.0,
Ed Davis,2012-2013,2109.0,
Ed Davis,2013-2014,1117.5,
Ed Davis,2014-2015,2531.0,
Ed Davis,2015-2016,2245.5,
Ed Davis,2016-2017,782.5,
Ed Davis,2017-2018,1716.0,
Ed Davis,2018-2019,1942.5,
Ed Davis,2019-2020,258.5,
Edmond Sumner,2018-2019,172.0,
Edmond Sumner,2019-2020,407.5,
Edmond Sumner,2017-2018,4.5,
Elfrid Payton,2014-2015,3014.0,
Elfrid Payton,2015-2016,2713.5,
Elfrid Payton,2016-2017,3574.0,
Elfrid Payton,2017-2018,2567.0,
Elfrid Payton,2018-2019,1818.0,
Elfrid Payton,2019-2020,1760.5,1.0
Elie Okobo,2019-2020,689.0,
Elie Okobo,2018-2019,806.5,
Emmanuel Mudiay,2015-2016,2243.0,
Emmanuel Mudiay,2016-2017,1474.5,
Emmanuel Mudiay,2017-2018,1372.0,
Emmanuel Mudiay,2018-2019,1946.5,
Emmanuel Mudiay,2019-2020,894.5,
Enes Kanter,2018-2019,2868.0,
Enes Kanter,2016-2017,2565.0,
Enes Kanter,2019-2020,1623.5,2.0
Enes Kanter,2015-2016,2811.0,
Enes Kanter,2017-2018,3268.0,
Enes Kanter,2013-2014,2593.5,
Enes Kanter,2011-2012,890.0,
Enes Kanter,2014-2015,3060.0,
Enes Kanter,2012-2013,1310.5,
Eric Bledsoe,2010-2011,1750.0,
Eric Bledsoe,2011-2012,474.0,
Eric Bledsoe,2012-2013,2090.0,
Eric Bledsoe,2013-2014,1868.5,
Eric Bledsoe,2015-2016,1584.5,
Eric Bledsoe,2016-2017,3377.0,
Eric Bledsoe,2017-2018,3338.5,
Eric Bledsoe,2018-2019,3495.0,
Eric Bledsoe,2019-2020,2418.5,7.0
Eric Bledsoe,2014-2015,3809.0,
Eric Gordon,2019-2020,895.0,1.0
Eric Gordon,2016-2017,2397.0,
Eric Gordon,2018-2019,2007.5,
Eric Gordon,2017-2018,2202.0,
Eric Gordon,2015-2016,1368.5,
Eric Gordon,2013-2014,2094.5,
Eric Gordon,2012-2013,1327.0,
Eric Gordon,2011-2012,364.0,
Eric Gordon,2010-2011,2565.0,
Eric Gordon,2014-2015,1867.0,
Eric Paschall,2019-2020,1839.5,
Ersan Ilyasova,2019-2020,1147.0,
Ersan Ilyasova,2018-2019,1263.5,
Ersan Ilyasova,2017-2018,2006.0,
Ersan Ilyasova,2016-2017,2546.0,
Ersan Ilyasova,2015-2016,1906.5,
Ersan Ilyasova,2013-2014,1591.5,
Ersan Ilyasova,2012-2013,2729.0,
Ersan Ilyasova,2011-2012,2396.0,
Ersan Ilyasova,2010-2011,1607.0,
Ersan Ilyasova,2014-2015,1599.0,
Evan Fournier,2017-2018,2065.0,
Evan Fournier,2019-2020,2433.0,
Evan Fournier,2018-2019,2680.5,
Evan Fournier,2016-2017,2314.5,
Evan Fournier,2014-2015,1410.0,
Evan Fournier,2013-2014,1279.5,
Evan Fournier,2012-2013,440.5,
Evan Fournier,2015-2016,2548.5,
Evan Turner,2015-2016,2609.0,
Evan Turner,2010-2011,1596.5,
Evan Turner,2011-2012,1745.0,
Evan Turner,2012-2013,3012.0,
Evan Turner,2013-2014,2590.0,
Evan Turner,2014-2015,2680.0,
Evan Turner,2016-2017,1671.5,
Evan Turner,2017-2018,1676.5,
Evan Turner,2018-2019,1758.5,
Evan Turner,2019-2020,200.5,
Frank Jackson,2018-2019,990.5,
Frank Jackson,2019-2020,683.5,
Frank Kaminsky,2019-2020,863.5,
Frank Kaminsky,2018-2019,944.5,
Frank Kaminsky,2017-2018,1914.5,
Frank Kaminsky,2016-2017,2110.0,
Frank Kaminsky,2015-2016,1637.5,
Frank Mason,2017-2018,1090.5,
Frank Mason,2018-2019,503.0,
Frank Mason,2019-2020,176.0,
Frank Ntilikina,2017-2018,1442.5,
Frank Ntilikina,2018-2019,730.5,
Frank Ntilikina,2019-2020,1141.0,
Fred VanVleet,2019-2020,2516.5,
Fred VanVleet,2018-2019,2005.0,
Fred VanVleet,2016-2017,302.0,
Fred VanVleet,2017-2018,1861.0,
Furkan Korkmaz,2017-2018,53.0,
Furkan Korkmaz,2018-2019,663.0,
Furkan Korkmaz,2019-2020,1412.5,
Gabe Vincent,2019-2020,48.0,
Garrett Temple,2017-2018,1353.0,
Garrett Temple,2014-2015,619.5,
Garrett Temple,2019-2020,1586.5,
Garrett Temple,2018-2019,1502.0,
Garrett Temple,2016-2017,1534.0,
Garrett Temple,2010-2011,173.0,
Garrett Temple,2013-2014,507.0,
Garrett Temple,2012-2013,885.0,
Garrett Temple,2015-2016,1513.5,
Garrison Mathews,2019-2020,202.5,
Gary Clark,2018-2019,503.5,
Gary Clark,2019-2020,480.0,
Gary Harris,2014-2015,429.5,
Gary Harris,2015-2016,2127.5,
Gary Harris,2016-2017,1971.5,
Gary Harris,2017-2018,2572.0,
Gary Harris,2018-2019,1627.0,
Gary Harris,2019-2020,1402.0,
Gary Payton II,2019-2020,470.5,
Gary Payton II,2018-2019,41.5,
Gary Payton II,2016-2017,72.0,
Gary Payton II,2017-2018,225.5,
Gary Trent Jr.,2018-2019,71.0,
Gary Trent Jr.,2019-2020,1204.5,
George Hill,2019-2020,1511.0,
George Hill,2010-2011,2042.5,
George Hill,2011-2012,1301.5,
George Hill,2012-2013,2862.0,
George Hill,2013-2014,2191.0,
George Hill,2014-2015,1817.0,
George Hill,2015-2016,2369.0,
George Hill,2016-2017,1911.5,
George Hill,2017-2018,1750.5,
George Hill,2018-2019,1243.5,
Georges Niang,2018-2019,530.0,
Georges Niang,2019-2020,794.0,
Georges Niang,2016-2017,48.0,
Georges Niang,2017-2018,29.0,
Gerald Green,2018-2019,1293.5,
Gerald Green,2016-2017,539.0,
Gerald Green,2017-2018,944.0,
Gerald Green,2015-2016,1230.5,
Gerald Green,2011-2012,824.0,
Gerald Green,2013-2014,2500.0,
Gerald Green,2012-2013,873.0,
Gerald Green,2014-2015,1606.5,
Giannis Antetokounmpo,2013-2014,1641.5,
Giannis Antetokounmpo,2014-2015,2950.5,
Giannis Antetokounmpo,2015-2016,4114.0,
Giannis Antetokounmpo,2016-2017,5469.0,
Giannis Antetokounmpo,2017-2018,5504.5,
Giannis Antetokounmpo,2018-2019,5833.0,
Giannis Antetokounmpo,2019-2020,5040.5,198.0
Glenn Robinson III,2018-2019,444.5,
Glenn Robinson III,2017-2018,255.5,
Glenn Robinson III,2019-2020,1741.5,
Glenn Robinson III,2015-2016,431.5,
Glenn Robinson III,2014-2015,175.0,
Glenn Robinson III,2016-2017,1172.5,
Goga Bitadze,2019-2020,556.0,
Goran Dragic,2019-2020,2143.5,
Goran Dragic,2018-2019,1251.5,
Goran Dragic,2017-2018,3017.0,
Goran Dragic,2016-2017,3483.0,
Goran Dragic,2015-2016,2785.0,
Goran Dragic,2014-2015,3065.5,
Goran Dragic,2012-2013,3520.5,
Goran Dragic,2011-2012,2247.5,
Goran Dragic,2010-2011,1413.5,
Goran Dragic,2013-2014,3674.0,
Gordon Hayward,2019-2020,2272.5,10.0
Gordon Hayward,2018-2019,2202.0,
Gordon Hayward,2016-2017,3409.0,
Gordon Hayward,2014-2015,3308.0,
Gordon Hayward,2015-2016,3410.0,
Gordon Hayward,2012-2013,2323.0,
Gordon Hayward,2011-2012,2024.5,
Gordon Hayward,2010-2011,970.0,
Gordon Hayward,2013-2014,3184.0,
Gorgui Dieng,2019-2020,1631.5,
Gorgui Dieng,2017-2018,1510.5,
Gorgui Dieng,2016-2017,2994.5,
Gorgui Dieng,2018-2019,1496.0,
Gorgui Dieng,2014-2015,2881.5,
Gorgui Dieng,2013-2014,1107.0,
Gorgui Dieng,2015-2016,2869.0,
Grant Williams,2019-2020,820.0,
Grayson Allen,2018-2019,334.0,
Grayson Allen,2019-2020,643.0,
Hamidou Diallo,2018-2019,480.5,
Hamidou Diallo,2019-2020,785.0,
Harrison Barnes,2017-2018,3008.5,
Harrison Barnes,2019-2020,2296.5,6.0
Harrison Barnes,2018-2019,2495.5,
Harrison Barnes,2016-2017,3021.5,
Harrison Barnes,2012-2013,1721.5,
Harrison Barnes,2014-2015,2224.0,
Harrison Barnes,2013-2014,1677.0,
Harrison Barnes,2015-2016,1822.5,
Harry Giles III,2018-2019,1129.0,
Harry Giles III,2019-2020,932.0,
Hassan Whiteside,2018-2019,3367.5,
Hassan Whiteside,2010-2011,0.0,
Hassan Whiteside,2011-2012,152.5,
Hassan Whiteside,2014-2015,2185.5,
Hassan Whiteside,2015-2016,4124.0,
Hassan Whiteside,2016-2017,4563.0,
Hassan Whiteside,2017-2018,2638.0,
Hassan Whiteside,2019-2020,3980.0,4.0
Henry Ellenson,2019-2020,9.0,
Henry Ellenson,2017-2018,324.5,
Henry Ellenson,2016-2017,127.0,
Henry Ellenson,2018-2019,279.5,
Ian Mahinmi,2010-2011,500.0,
Ian Mahinmi,2011-2012,1080.0,
Ian Mahinmi,2012-2013,1243.5,
Ian Mahinmi,2013-2014,1095.5,
Ian Mahinmi,2014-2015,1092.5,
Ian Mahinmi,2015-2016,2273.5,
Ian Mahinmi,2016-2017,624.5,
Ian Mahinmi,2017-2018,1214.5,
Ian Mahinmi,2018-2019,534.5,
Ian Mahinmi,2019-2020,1001.5,
Ignas Brazdeikis,2019-2020,33.5,
Iman Shumpert,2018-2019,1258.5,
Iman Shumpert,2019-2020,157.0,
Iman Shumpert,2017-2018,169.0,
Iman Shumpert,2016-2017,1428.5,
Iman Shumpert,2013-2014,1469.5,
Iman Shumpert,2014-2015,1421.5,
Iman Shumpert,2012-2013,848.5,
Iman Shumpert,2011-2012,1501.0,
Iman Shumpert,2015-2016,991.5,
Isaac Bonga,2018-2019,112.5,
Isaac Bonga,2019-2020,1013.5,
Isaiah Hartenstein,2018-2019,225.0,
Isaiah Hartenstein,2019-2020,391.0,
Isaiah Roby,2019-2020,-0.5,
Isaiah Thomas,2017-2018,963.0,
Isaiah Thomas,2019-2020,1032.5,
Isaiah Thomas,2018-2019,174.0,
Isaiah Thomas,2015-2016,4034.5,
Isaiah Thomas,2016-2017,4394.5,
Isaiah Thomas,2013-2014,3403.0,
Isaiah Thomas,2012-2013,2470.5,
Isaiah Thomas,2011-2012,1944.0,
Isaiah Thomas,2014-2015,2322.5,
Ish Smith,2019-2020,2198.0,
Ish Smith,2016-2017,2474.0,
Ish Smith,2018-2019,1362.5,
Ish Smith,2017-2018,2533.5,
Ish Smith,2015-2016,2993.0,
Ish Smith,2010-2011,376.0,
Ish Smith,2013-2014,977.0,
Ish Smith,2012-2013,469.0,
Ish Smith,2011-2012,267.0,
Ish Smith,2014-2015,984.0,
Ivica Zubac,2016-2017,852.0,
Ivica Zubac,2017-2018,507.5,
Ivica Zubac,2018-2019,1618.0,
Ivica Zubac,2019-2020,2080.0,
J.J. Barea,2019-2020,593.0,
J.J. Barea,2018-2019,1145.0,
J.J. Barea,2017-2018,2299.0,
J.J. Barea,2016-2017,1013.0,
J.J. Barea,2015-2016,1945.5,
J.J. Barea,2012-2013,1922.5,
J.J. Barea,2013-2014,1612.0,
J.J. Barea,2011-2012,1268.0,
J.J. Barea,2010-2011,1906.0,
J.J. Barea,2014-2015,1566.0,
JJ Redick,2016-2017,2141.5,
JJ Redick,2018-2019,2588.5,
JJ Redick,2017-2018,2349.0,
JJ Redick,2015-2016,2203.0,
JJ Redick,2019-2020,1696.0,3.0
JJ Redick,2013-2014,1008.5,
JJ Redick,2012-2013,2324.0,
JJ Redick,2011-2012,1600.5,
JJ Redick,2010-2011,1199.5,
JJ Redick,2014-2015,2345.0,
Ja Morant,2019-2020,3149.5,5.0
JaKarr Sampson,2018-2019,181.0,
JaKarr Sampson,2017-2018,372.5,
JaKarr Sampson,2019-2020,462.0,
JaKarr Sampson,2014-2015,960.5,
JaKarr Sampson,2015-2016,916.0,
JaMychal Green,2014-2015,173.5,
JaMychal Green,2015-2016,1678.5,
JaMychal Green,2016-2017,2109.5,
JaMychal Green,2017-2018,1809.0,
JaMychal Green,2018-2019,1676.0,
JaMychal Green,2019-2020,1282.0,
JaVale McGee,2019-2020,1681.0,2.0
JaVale McGee,2018-2019,2940.0,
JaVale McGee,2017-2018,1029.0,
JaVale McGee,2015-2016,539.0,
JaVale McGee,2016-2017,1359.0,
JaVale McGee,2013-2014,97.5,
JaVale McGee,2012-2013,2234.5,
JaVale McGee,2011-2012,2349.0,
JaVale McGee,2010-2011,3040.5,
JaVale McGee,2014-2015,292.5,
Jabari Parker,2014-2015,777.5,
Jabari Parker,2015-2016,2557.5,
Jabari Parker,2016-2017,2297.5,
Jabari Parker,2017-2018,959.5,
Jabari Parker,2018-2019,2242.5,
Jabari Parker,2019-2020,1269.0,2.0
Jacob Evans,2018-2019,141.0,
Jacob Evans,2019-2020,290.0,
Jae Crowder,2017-2018,1702.5,
Jae Crowder,2019-2020,1907.5,
Jae Crowder,2016-2017,2482.5,
Jae Crowder,2018-2019,2183.0,
Jae Crowder,2014-2015,1657.5,
Jae Crowder,2012-2013,1115.5,
Jae Crowder,2015-2016,2612.0,
Jae Crowder,2013-2014,1043.0,
Jahlil Okafor,2015-2016,2195.5,
Jahlil Okafor,2016-2017,1425.5,
Jahlil Okafor,2017-2018,442.0,
Jahlil Okafor,2018-2019,1361.5,
Jahlil Okafor,2019-2020,664.0,
Jake Layman,2016-2017,158.5,
Jake Layman,2017-2018,106.5,
Jake Layman,2018-2019,1310.0,
Jake Layman,2019-2020,407.0,
Jakob Poeltl,2019-2020,1764.5,
Jakob Poeltl,2016-2017,590.0,
Jakob Poeltl,2017-2018,1978.5,
Jakob Poeltl,2018-2019,1748.5,
Jalen Brunson,2019-2020,1199.5,
Jalen Brunson,2018-2019,1704.5,
Jalen Lecque,2019-2020,15.0,
Jalen McDaniels,2019-2020,248.5,
Jamal Murray,2016-2017,1795.5,
Jamal Murray,2017-2018,2990.0,
Jamal Murray,2018-2019,3227.5,
Jamal Murray,2019-2020,2481.0,11.0
James Ennis III,2014-2015,843.5,
James Ennis III,2015-2016,374.0,
James Ennis III,2016-2017,1193.5,
James Ennis III,2017-2018,1308.5,
James Ennis III,2018-2019,1031.5,
James Ennis III,2019-2020,1180.5,
James Harden,2018-2019,6318.5,
James Harden,2017-2018,5289.0,
James Harden,2016-2017,6726.5,
James Harden,2015-2016,5541.5,
James Harden,2019-2020,5228.0,187.0
James Harden,2013-2014,4176.5,
James Harden,2012-2013,4494.5,
James Harden,2011-2012,2326.5,
James Harden,2010-2011,2274.0,
James Harden,2014-2015,5370.0,
James Johnson,2019-2020,814.5,
James Johnson,2018-2019,1182.5,
James Johnson,2016-2017,2775.5,
James Johnson,2017-2018,2435.0,
James Johnson,2015-2016,829.5,
James Johnson,2011-2012,1843.0,
James Johnson,2013-2014,1272.0,
James Johnson,2012-2013,893.5,
James Johnson,2010-2011,895.5,
James Johnson,2014-2015,1694.5,
Jared Dudley,2010-2011,2142.5,
Jared Dudley,2011-2012,1953.0,
Jared Dudley,2012-2013,2120.5,
Jared Dudley,2013-2014,1186.5,
Jared Dudley,2014-2015,1458.0,
Jared Dudley,2015-2016,1819.0,
Jared Dudley,2016-2017,1202.0,
Jared Dudley,2017-2018,557.0,
Jared Dudley,2018-2019,865.0,
Jared Dudley,2019-2020,250.0,
Jared Harper,2019-2020,2.0,
Jaren Jackson Jr.,2019-2020,2139.0,36.0
Jaren Jackson Jr.,2018-2019,1970.5,
Jarred Vanderbilt,2018-2019,76.5,
Jarred Vanderbilt,2019-2020,34.5,
Jarrell Brantley,2019-2020,83.0,
Jarrett Allen,2017-2018,1863.5,
Jarrett Allen,2018-2019,3084.5,
Jarrett Allen,2019-2020,2908.0,4.0
Jarrett Culver,2019-2020,1445.5,
Javonte Green,2019-2020,470.0,
Jaxson Hayes,2019-2020,1436.0,
Jaylen Brown,2016-2017,1179.0,
Jaylen Brown,2017-2018,2165.5,
Jaylen Brown,2018-2019,2101.0,
Jaylen Brown,2019-2020,2393.5,
Jaylen Hoard,2019-2020,115.0,
Jaylen Nowell,2019-2020,138.0,
Jayson Tatum,2017-2018,2624.5,
Jayson Tatum,2018-2019,2987.0,
Jayson Tatum,2019-2020,3388.0,50.0
Jeff Green,2019-2020,960.0,
Jeff Green,2018-2019,2152.5,
Jeff Green,2017-2018,1874.5,
Jeff Green,2015-2016,2192.0,
Jeff Green,2016-2017,1321.5,
Jeff Green,2013-2014,2605.5,
Jeff Green,2012-2013,2359.5,
Jeff Green,2010-2011,2242.5,
Jeff Green,2014-2015,2427.5,
Jeff Teague,2016-2017,3881.5,
Jeff Teague,2019-2020,1793.5,1.0
Jeff Teague,2018-2019,1797.0,
Jeff Teague,2017-2018,3036.5,
Jeff Teague,2015-2016,3132.0,
Jeff Teague,2013-2014,3330.0,
Jeff Teague,2012-2013,3458.0,
Jeff Teague,2011-2012,2395.0,
Jeff Teague,2010-2011,1071.5,
Jeff Teague,2014-2015,3338.5,
Jerami Grant,2014-2015,1162.5,
Jerami Grant,2015-2016,2259.5,
Jerami Grant,2016-2017,1285.0,
Jerami Grant,2017-2018,1837.5,
Jerami Grant,2018-2019,2740.5,
Jerami Grant,2019-2020,1950.5,
Jeremiah Martin,2019-2020,165.0,
Jeremy Lamb,2017-2018,2429.0,
Jeremy Lamb,2018-2019,2920.0,
Jeremy Lamb,2016-2017,1428.0,
Jeremy Lamb,2019-2020,1420.5,2.0
Jeremy Lamb,2014-2015,669.0,
Jeremy Lamb,2013-2014,1566.0,
Jeremy Lamb,2012-2013,128.0,
Jeremy Lamb,2015-2016,1443.0,
Jerome Robinson,2018-2019,255.5,
Jerome Robinson,2019-2020,809.5,
Jevon Carter,2018-2019,510.0,
Jevon Carter,2019-2020,859.0,
Jimmy Butler,2019-2020,3317.5,85.0
Jimmy Butler,2018-2019,3218.0,
Jimmy Butler,2017-2018,3247.0,
Jimmy Butler,2016-2017,4640.0,
Jimmy Butler,2012-2013,2030.5,
Jimmy Butler,2014-2015,3217.5,
Jimmy Butler,2013-2014,2308.0,
Jimmy Butler,2011-2012,285.0,
Jimmy Butler,2015-2016,3525.5,
Joe Harris,2018-2019,2275.5,
Joe Harris,2019-2020,2088.5,1.0
Joe Harris,2017-2018,1879.5,
Joe Harris,2016-2017,892.5,
Joe Harris,2015-2016,8.5,
Joe Harris,2014-2015,266.0,
Joe Ingles,2014-2015,1242.0,
Joe Ingles,2015-2016,926.0,
Joe Ingles,2016-2017,1777.0,
Joe Ingles,2017-2018,2769.5,
Joe Ingles,2018-2019,2974.0,
Joe Ingles,2019-2020,2182.5,2.0
Joel Embiid,2019-2020,3165.5,170.0
Joel Embiid,2018-2019,4836.5,
Joel Embiid,2017-2018,3861.0,
Joel Embiid,2016-2017,1596.5,
John Collins,2017-2018,2496.0,
John Collins,2018-2019,3194.5,
John Collins,2019-2020,2395.0,68.0
John Henson,2019-2020,840.5,
John Henson,2018-2019,272.5,
John Henson,2017-2018,2448.0,
John Henson,2016-2017,1400.0,
John Henson,2012-2013,1219.5,
John Henson,2014-2015,1752.0,
John Henson,2013-2014,2486.5,
John Henson,2015-2016,1424.5,
John Konchar,2019-2020,225.0,
John Wall,2010-2011,3577.0,
John Wall,2011-2012,3320.5,
John Wall,2012-2013,2607.5,
John Wall,2013-2014,4618.5,
John Wall,2014-2015,4702.0,
John Wall,2015-2016,5067.5,
John Wall,2016-2017,5523.0,
John Wall,2017-2018,2467.0,
John Wall,2018-2019,1853.0,
Johnathan Motley,2018-2019,237.5,
Johnathan Motley,2019-2020,69.5,
Johnathan Motley,2017-2018,227.5,
Johnathan Williams,2018-2019,463.5,
Johnathan Williams,2019-2020,198.5,
Jonah Bolden,2018-2019,745.5,
Jonah Bolden,2019-2020,35.5,
Jonas Valanciunas,2015-2016,2442.5,
Jonas Valanciunas,2012-2013,1693.0,
Jonas Valanciunas,2013-2014,2709.5,
Jonas Valanciunas,2014-2015,2948.0,
Jonas Valanciunas,2016-2017,3026.5,
Jonas Valanciunas,2017-2018,2927.5,
Jonas Valanciunas,2018-2019,2096.5,
Jonas Valanciunas,2019-2020,3407.5,3.0
Jonathan Isaac,2018-2019,2136.0,
Jonathan Isaac,2019-2020,1380.5,5.0
Jonathan Isaac,2017-2018,515.0,
Jordan Bell,2018-2019,930.5,
Jordan Bell,2019-2020,278.0,
Jordan Bell,2017-2018,1151.5,
Jordan Bone,2019-2020,33.0,
Jordan Clarkson,2018-2019,2696.5,
Jordan Clarkson,2019-2020,2083.5,
Jordan Clarkson,2017-2018,2353.5,
Jordan Clarkson,2014-2015,1778.5,
Jordan Clarkson,2015-2016,2612.5,
Jordan Clarkson,2016-2017,2466.5,
Jordan McLaughlin,2019-2020,770.5,
Jordan McRae,2015-2016,208.5,
Jordan McRae,2016-2017,328.0,
Jordan McRae,2018-2019,383.0,
Jordan McRae,2019-2020,963.5,
Jordan Poole,2019-2020,1050.5,
Josh Gray,2017-2018,93.0,
Josh Gray,2019-2020,1.0,
Josh Hart,2017-2018,1394.0,
Josh Hart,2018-2019,1478.5,
Josh Hart,2019-2020,1772.5,
Josh Jackson,2019-2020,465.5,
Josh Jackson,2018-2019,2207.5,
Josh Jackson,2017-2018,2220.0,
Josh Magette,2017-2018,231.5,
Josh Magette,2019-2020,36.5,
Josh Okogie,2018-2019,1494.0,
Josh Okogie,2019-2020,1390.0,
Josh Reaves,2019-2020,21.0,
Josh Richardson,2015-2016,932.0,
Josh Richardson,2016-2017,1466.0,
Josh Richardson,2017-2018,2786.5,
Josh Richardson,2018-2019,2860.5,
Josh Richardson,2019-2020,1705.0,3.0
Jrue Holiday,2019-2020,3177.0,79.0
Jrue Holiday,2017-2018,4146.0,
Jrue Holiday,2016-2017,3215.0,
Jrue Holiday,2015-2016,2784.0,
Jrue Holiday,2018-2019,4009.5,
Jrue Holiday,2013-2014,1628.0,
Jrue Holiday,2012-2013,4026.5,
Jrue Holiday,2011-2012,2343.0,
Jrue Holiday,2014-2015,1838.0,
Jrue Holiday,2010-2011,3543.0,
Juancho Hernangomez,2018-2019,1168.0,
Juancho Hernangomez,2019-2020,783.5,
Juancho Hernangomez,2016-2017,815.0,
Juancho Hernangomez,2017-2018,216.5,
Julius Randle,2014-2015,-0.5,
Julius Randle,2015-2016,2960.5,
Julius Randle,2016-2017,3004.5,
Julius Randle,2017-2018,3497.0,
Julius Randle,2018-2019,3886.5,
Julius Randle,2019-2020,3038.0,51.0
Justin Anderson,2019-2020,81.5,
Justin Anderson,2017-2018,539.0,
Justin Anderson,2018-2019,481.0,
Justin Anderson,2015-2016,612.0,
Justin Anderson,2016-2017,1274.0,
Justin Holiday,2012-2013,116.5,
Justin Holiday,2014-2015,646.0,
Justin Holiday,2015-2016,647.0,
Justin Holiday,2016-2017,1555.0,
Justin Holiday,2017-2018,2037.5,
Justin Holiday,2018-2019,2184.0,
Justin Holiday,2019-2020,1684.0,
Justin Jackson,2019-2020,804.0,
Justin Jackson,2017-2018,1069.5,
Justin Jackson,2018-2019,1395.0,
Justin James,2019-2020,233.0,
Justin Patton,2017-2018,6.0,
Justin Patton,2018-2019,26.0,
Justin Patton,2019-2020,18.5,
Justin Robinson,2019-2020,40.5,
Justin Wright-Foreman,2019-2020,44.5,
Justise Winslow,2018-2019,2328.0,
Justise Winslow,2017-2018,1686.0,
Justise Winslow,2019-2020,295.5,1.0
Justise Winslow,2015-2016,1569.5,
Justise Winslow,2016-2017,570.0,
Jusuf Nurkic,2014-2015,1521.5,
Jusuf Nurkic,2015-2016,872.0,
Jusuf Nurkic,2016-2017,2170.0,
Jusuf Nurkic,2017-2018,3443.0,
Jusuf Nurkic,2018-2019,3874.0,
Jusuf Nurkic,2019-2020,480.0,
Juwan Morgan,2019-2020,107.5,
KZ Okpala,2019-2020,27.5,
Kadeem Allen,2017-2018,61.0,
Kadeem Allen,2018-2019,532.0,
Kadeem Allen,2019-2020,137.5,
Karl-Anthony Towns,2019-2020,2264.5,172.0
Karl-Anthony Towns,2017-2018,5378.0,
Karl-Anthony Towns,2018-2019,5397.0,
Karl-Anthony Towns,2015-2016,4632.5,
Karl-Anthony Towns,2016-2017,5720.0,
Kawhi Leonard,2017-2018,364.0,
Kawhi Leonard,2011-2012,1643.0,
Kawhi Leonard,2012-2013,1994.0,
Kawhi Leonard,2013-2014,2474.0,
Kawhi Leonard,2014-2015,3045.0,
Kawhi Leonard,2015-2016,3884.0,
Kawhi Leonard,2016-2017,4294.5,
Kawhi Leonard,2018-2019,3646.0,
Kawhi Leonard,2019-2020,3539.5,167.0
Keita Bates-Diop,2018-2019,421.0,
Keita Bates-Diop,2019-2020,733.0,
Kelan Martin,2019-2020,436.0,
Keldon Johnson,2019-2020,375.5,
Kelly Olynyk,2017-2018,2391.5,
Kelly Olynyk,2019-2020,1507.0,1.0
Kelly Olynyk,2016-2017,1858.5,
Kelly Olynyk,2018-2019,2012.5,
Kelly Olynyk,2014-2015,1772.5,
Kelly Olynyk,2013-2014,1556.5,
Kelly Olynyk,2015-2016,1735.0,
Kelly Oubre Jr.,2015-2016,531.5,
Kelly Oubre Jr.,2016-2017,1256.0,
Kelly Oubre Jr.,2017-2018,2140.0,
Kelly Oubre Jr.,2018-2019,2354.0,
Kelly Oubre Jr.,2019-2020,2291.5,1.0
Kemba Walker,2018-2019,4644.5,
Kemba Walker,2017-2018,3894.5,
Kemba Walker,2016-2017,4100.0,
Kemba Walker,2015-2016,4027.0,
Kemba Walker,2011-2012,2068.0,
Kemba Walker,2013-2014,3261.0,
Kemba Walker,2012-2013,3764.5,
Kemba Walker,2019-2020,2477.5,81.0
Kemba Walker,2014-2015,2701.5,
Kendrick Nunn,2019-2020,2114.5,1.0
Kenrich Williams,2019-2020,601.5,
Kenrich Williams,2018-2019,987.5,
Kent Bazemore,2019-2020,1467.0,
Kent Bazemore,2012-2013,267.0,
Kent Bazemore,2013-2014,915.0,
Kent Bazemore,2014-2015,1102.5,
Kent Bazemore,2015-2016,2223.0,
Kent Bazemore,2016-2017,2030.0,
Kent Bazemore,2017-2018,2159.5,
Kent Bazemore,2018-2019,1894.0,
Kentavious Caldwell-Pope,2018-2019,1979.0,
Kentavious Caldwell-Pope,2017-2018,2440.0,
Kentavious Caldwell-Pope,2016-2017,2334.0,
Kentavious Caldwell-Pope,2013-2014,1099.0,
Kentavious Caldwell-Pope,2014-2015,2112.0,
Kentavious Caldwell-Pope,2019-2020,1459.0,
Kentavious Caldwell-Pope,2015-2016,2345.0,
Kevin Durant,2016-2017,4167.5,
Kevin Durant,2015-2016,4834.5,
Kevin Durant,2017-2018,4391.0,
Kevin Durant,2014-2015,1548.5,
Kevin Durant,2018-2019,4835.5,
Kevin Durant,2012-2013,5420.0,
Kevin Durant,2011-2012,4096.0,
Kevin Durant,2010-2011,4478.0,
Kevin Durant,2013-2014,5710.5,
Kevin Hervey,2019-2020,44.5,
Kevin Huerter,2018-2019,1916.0,
Kevin Huerter,2019-2020,1822.0,
Kevin Knox II,2018-2019,1864.5,
Kevin Knox II,2019-2020,915.5,
Kevin Love,2019-2020,2499.5,53.0
Kevin Love,2018-2019,968.5,
Kevin Love,2017-2018,2703.0,
Kevin Love,2015-2016,3409.5,
Kevin Love,2016-2017,3094.0,
Kevin Love,2013-2014,5332.5,
Kevin Love,2012-2013,962.0,
Kevin Love,2011-2012,3730.5,
Kevin Love,2010-2011,4607.0,
Kevin Love,2014-2015,3433.5,
Kevin Porter Jr.,2019-2020,1141.5,
Kevon Looney,2019-2020,245.5,
Kevon Looney,2018-2019,1889.5,
Kevon Looney,2017-2018,1058.0,
Kevon Looney,2015-2016,26.0,
Kevon Looney,2016-2017,515.5,
Khem Birch,2017-2018,714.5,
Khem Birch,2018-2019,866.5,
Khem Birch,2019-2020,827.5,
Khris Middleton,2017-2018,3769.5,
Khris Middleton,2018-2019,3292.0,
Khris Middleton,2016-2017,1012.5,
Khris Middleton,2019-2020,2944.5,41.0
Khris Middleton,2014-2015,2562.0,
Khris Middleton,2012-2013,391.0,
Khris Middleton,2015-2016,3324.5,
Khris Middleton,2013-2014,2215.0,
Khyri Thomas,2018-2019,146.5,
Khyri Thomas,2019-2020,31.5,
Klay Thompson,2016-2017,3333.5,
Klay Thompson,2018-2019,3398.0,
Klay Thompson,2017-2018,2925.5,
Klay Thompson,2015-2016,3390.5,
Klay Thompson,2014-2015,3447.5,
Klay Thompson,2013-2014,2898.0,
Klay Thompson,2012-2013,2799.0,
Klay Thompson,2011-2012,1707.5,
Kobi Simmons,2017-2018,491.0,
Kobi Simmons,2018-2019,0.0,
Kostas Antetokounmpo,2018-2019,5.5,
Kostas Antetokounmpo,2019-2020,19.5,
Kris Dunn,2018-2019,1718.0,
Kris Dunn,2019-2020,1313.0,
Kris Dunn,2017-2018,2142.5,
Kris Dunn,2016-2017,1244.0,
Kristaps Porzingis,2015-2016,2968.0,
Kristaps Porzingis,2016-2017,3042.0,
Kristaps Porzingis,2017-2018,2477.5,
Kristaps Porzingis,2019-2020,3033.5,72.0
Ky Bowman,2019-2020,954.0,
Kyle Alexander,2019-2020,6.0,
Kyle Anderson,2015-2016,1263.0,
Kyle Anderson,2014-2015,292.5,
Kyle Anderson,2016-2017,994.0,
Kyle Anderson,2017-2018,2301.0,
Kyle Anderson,2018-2019,1352.5,
Kyle Anderson,2019-2020,1415.0,
Kyle Guy,2019-2020,7.5,
Kyle Korver,2017-2018,1445.0,
Kyle Korver,2016-2017,1495.0,
Kyle Korver,2018-2019,1195.5,
Kyle Korver,2015-2016,1818.0,
Kyle Korver,2019-2020,855.5,
Kyle Korver,2013-2014,2147.0,
Kyle Korver,2010-2011,1492.5,
Kyle Korver,2014-2015,2278.0,
Kyle Korver,2012-2013,2067.0,
Kyle Korver,2011-2012,1269.5,
Kyle Kuzma,2017-2018,2819.5,
Kyle Kuzma,2018-2019,2688.5,
Kyle Kuzma,2019-2020,1610.5,3.0
Kyle Lowry,2019-2020,2986.5,33.0
Kyle Lowry,2018-2019,3253.5,
Kyle Lowry,2017-2018,3820.0,
Kyle Lowry,2016-2017,3399.5,
Kyle Lowry,2015-2016,4201.0,
Kyle Lowry,2014-2015,3428.5,
Kyle Lowry,2012-2013,2710.5,
Kyle Lowry,2011-2012,2008.5,
Kyle Lowry,2010-2011,3225.0,
Kyle Lowry,2013-2014,4010.0,
Kyle O'Quinn,2019-2020,506.0,
Kyle O'Quinn,2018-2019,591.0,
Kyle O'Quinn,2017-2018,2204.0,
Kyle O'Quinn,2016-2017,2057.0,
Kyle O'Quinn,2014-2015,984.5,
Kyle O'Quinn,2012-2013,829.5,
Kyle O'Quinn,2015-2016,1094.0,
Kyle O'Quinn,2013-2014,1568.0,
Kyrie Irving,2011-2012,2216.0,
Kyrie Irving,2012-2013,3019.0,
Kyrie Irving,2013-2014,3522.5,
Kyrie Irving,2014-2015,3720.0,
Kyrie Irving,2015-2016,2286.0,
Kyrie Irving,2016-2017,4018.0,
Kyrie Irving,2017-2018,3079.5,
Kyrie Irving,2018-2019,4188.0,
Kyrie Irving,2019-2020,1137.5,88.0
LaMarcus Aldridge,2016-2017,3326.0,
LaMarcus Aldridge,2019-2020,2679.0,70.0
LaMarcus Aldridge,2018-2019,4641.5,
LaMarcus Aldridge,2017-2018,4362.5,
LaMarcus Aldridge,2015-2016,3563.5,
LaMarcus Aldridge,2013-2014,4299.5,
LaMarcus Aldridge,2012-2013,4250.0,
LaMarcus Aldridge,2011-2012,2937.0,
LaMarcus Aldridge,2010-2011,4687.0,
LaMarcus Aldridge,2014-2015,4174.5,
Landry Shamet,2018-2019,1514.0,
Landry Shamet,2019-2020,980.0,
Langston Galloway,2019-2020,1446.0,
Langston Galloway,2018-2019,1407.5,
Langston Galloway,2017-2018,797.0,
Langston Galloway,2016-2017,1257.0,
Langston Galloway,2015-2016,1881.0,
Langston Galloway,2014-2015,1398.5,
Larry Nance Jr.,2015-2016,1245.0,
Larry Nance Jr.,2016-2017,1753.5,
Larry Nance Jr.,2017-2018,2108.0,
Larry Nance Jr.,2018-2019,2616.0,
Larry Nance Jr.,2019-2020,1874.0,3.0
Lauri Markkanen,2018-2019,2351.5,
Lauri Markkanen,2019-2020,1534.0,63.0
Lauri Markkanen,2017-2018,2459.5,
LeBron James,2019-2020,5009.5,165.0
LeBron James,2018-2019,4156.5,
LeBron James,2016-2017,5608.5,
LeBron James,2015-2016,5001.0,
LeBron James,2017-2018,6535.5,
LeBron James,2013-2014,5005.0,
LeBron James,2012-2013,5739.5,
LeBron James,2011-2012,4385.5,
LeBron James,2010-2011,5463.5,
LeBron James,2014-2015,4436.5,
Lonnie Walker IV,2018-2019,122.5,
Lonnie Walker IV,2019-2020,935.0,
Lonzo Ball,2019-2020,2647.5,4.0
Lonzo Ball,2017-2018,2319.0,
Lonzo Ball,2018-2019,1671.0,
Lou Williams,2017-2018,3697.5,
Lou Williams,2016-2017,2798.5,
Lou Williams,2019-2020,2496.0,30.0
Lou Williams,2018-2019,3291.5,
Lou Williams,2015-2016,2058.0,
Lou Williams,2010-2011,2212.0,
Lou Williams,2013-2014,1406.0,
Lou Williams,2011-2012,2128.5,
Lou Williams,2014-2015,2362.0,
Lou Williams,2012-2013,1227.5,
Louis King,2019-2020,50.0,
Luguentz Dort,2019-2020,554.5,
Luka Doncic,2018-2019,3922.0,
Luka Doncic,2019-2020,4546.5,120.0
Luka Samanic,2019-2020,49.5,
Luke Kennard,2017-2018,1351.5,
Luke Kennard,2018-2019,1338.0,
Luke Kennard,2019-2020,907.5,
Luke Kornet,2017-2018,382.5,
Luke Kornet,2018-2019,925.0,
Luke Kornet,2019-2020,568.0,
Malcolm Brogdon,2018-2019,2355.5,
Malcolm Brogdon,2019-2020,2405.5,3.0
Malcolm Brogdon,2017-2018,1518.5,
Malcolm Brogdon,2016-2017,2252.5,
Malcolm Miller,2017-2018,81.0,
Malcolm Miller,2018-2019,63.0,
Malcolm Miller,2019-2020,105.0,
Malik Beasley,2016-2017,169.5,
Malik Beasley,2017-2018,447.0,
Malik Beasley,2018-2019,1884.0,
Malik Beasley,2019-2020,1200.0,
Malik Monk,2017-2018,830.0,
Malik Monk,2018-2019,1312.0,
Malik Monk,2019-2020,1206.5,
Marc Gasol,2018-2019,3559.0,
Marc Gasol,2017-2018,3596.0,
Marc Gasol,2019-2020,1271.5,8.0
Marc Gasol,2015-2016,2449.5,
Marc Gasol,2016-2017,3828.0,
Marc Gasol,2013-2014,2533.0,
Marc Gasol,2010-2011,3244.5,
Marc Gasol,2011-2012,3247.0,
Marc Gasol,2014-2015,4157.5,
Marc Gasol,2012-2013,3918.0,
Marco Belinelli,2010-2011,1551.0,
Marco Belinelli,2011-2012,1533.5,
Marco Belinelli,2012-2013,1459.0,
Marco Belinelli,2013-2014,1979.0,
Marco Belinelli,2015-2016,1306.0,
Marco Belinelli,2016-2017,1675.5,
Marco Belinelli,2017-2018,1954.5,
Marco Belinelli,2018-2019,1674.0,
Marco Belinelli,2019-2020,756.0,
Marco Belinelli,2014-2015,1180.5,
Marcus Morris Sr.,2019-2020,2057.0,1.0
Marcus Morris Sr.,2016-2017,2469.5,
Marcus Morris Sr.,2018-2019,2314.0,
Marcus Morris Sr.,2017-2018,1566.5,
Marcus Morris Sr.,2014-2015,2099.0,
Marcus Morris Sr.,2013-2014,1777.5,
Marcus Morris Sr.,2012-2013,1370.0,
Marcus Morris Sr.,2011-2012,76.0,
Marcus Morris Sr.,2015-2016,2552.5,
Marcus Smart,2019-2020,2194.5,
Marcus Smart,2017-2018,1575.5,
Marcus Smart,2018-2019,2340.0,
Marcus Smart,2015-2016,1687.0,
Marcus Smart,2014-2015,1645.5,
Marcus Smart,2016-2017,2557.5,
Marial Shayok,2019-2020,20.5,
Mario Hezonja,2019-2020,740.5,
Mario Hezonja,2015-2016,1125.0,
Mario Hezonja,2016-2017,748.5,
Mario Hezonja,2017-2018,1796.5,
Mario Hezonja,2018-2019,1212.0,
Markelle Fultz,2019-2020,2465.0,
Markelle Fultz,2017-2018,358.0,
Markelle Fultz,2018-2019,463.0,
Markieff Morris,2011-2012,1294.0,
Markieff Morris,2012-2013,2011.5,
Markieff Morris,2013-2014,2728.0,
Markieff Morris,2014-2015,3124.0,
Markieff Morris,2015-2016,1838.5,
Markieff Morris,2016-2017,2672.5,
Markieff Morris,2017-2018,2164.0,
Markieff Morris,2018-2019,1370.0,
Markieff Morris,2019-2020,1216.0,
Marko Guduric,2019-2020,395.5,
Marquese Chriss,2016-2017,1912.5,
Marquese Chriss,2017-2018,1675.0,
Marquese Chriss,2018-2019,493.5,
Marquese Chriss,2019-2020,1851.5,
Marvin Bagley III,2019-2020,426.0,57.0
Marvin Bagley III,2018-2019,2446.0,
Marvin Williams,2017-2018,1957.5,
Marvin Williams,2010-2011,1661.0,
Marvin Williams,2011-2012,1507.0,
Marvin Williams,2012-2013,1391.0,
Marvin Williams,2013-2014,1652.5,
Marvin Williams,2014-2015,1713.0,
Marvin Williams,2015-2016,2718.5,
Marvin Williams,2016-2017,2386.0,
Marvin Williams,2018-2019,2148.0,
Marvin Williams,2019-2020,970.5,
Mason Plumlee,2017-2018,1958.0,
Mason Plumlee,2016-2017,3201.5,
Mason Plumlee,2018-2019,2586.5,
Mason Plumlee,2014-2015,2256.5,
Mason Plumlee,2013-2014,1522.5,
Mason Plumlee,2015-2016,2850.0,
Mason Plumlee,2019-2020,1516.5,
Matisse Thybulle,2019-2020,1102.0,
Matt Mooney,2019-2020,16.5,
Matt Thomas,2019-2020,424.0,
Matthew Dellavedova,2013-2014,1087.0,
Matthew Dellavedova,2014-2015,1067.0,
Matthew Dellavedova,2015-2016,1742.5,
Matthew Dellavedova,2016-2017,1727.5,
Matthew Dellavedova,2017-2018,598.5,
Matthew Dellavedova,2018-2019,823.5,
Matthew Dellavedova,2019-2020,700.5,
Maurice Harkless,2019-2020,1101.5,
Maurice Harkless,2017-2018,1134.0,
Maurice Harkless,2016-2017,2178.0,
Maurice Harkless,2018-2019,1520.0,
Maurice Harkless,2014-2015,478.0,
Maurice Harkless,2013-2014,1629.0,
Maurice Harkless,2015-2016,1436.0,
Maurice Harkless,2012-2013,1827.5,
Max Strus,2019-2020,9.5,
Maxi Kleber,2017-2018,1192.5,
Maxi Kleber,2018-2019,1605.5,
Maxi Kleber,2019-2020,1929.5,
Melvin Frazier Jr.,2019-2020,101.5,
Melvin Frazier Jr.,2018-2019,26.0,
Meyers Leonard,2019-2020,917.0,4.0
Meyers Leonard,2012-2013,1083.5,
Meyers Leonard,2013-2014,309.0,
Meyers Leonard,2014-2015,897.0,
Meyers Leonard,2015-2016,1287.5,
Meyers Leonard,2016-2017,1056.0,
Meyers Leonard,2017-2018,297.5,
Meyers Leonard,2018-2019,1015.5,
Mfiondu Kabengele,2019-2020,76.5,
Michael Carter-Williams,2019-2020,1032.0,
Michael Carter-Williams,2018-2019,510.0,
Michael Carter-Williams,2016-2017,911.5,
Michael Carter-Williams,2017-2018,881.5,
Michael Carter-Williams,2014-2015,2877.5,
Michael Carter-Williams,2013-2014,3318.0,
Michael Carter-Williams,2015-2016,2052.0,
Michael Frazier,2019-2020,35.0,
Michael Kidd-Gilchrist,2019-2020,177.0,
Michael Kidd-Gilchrist,2018-2019,1273.5,
Michael Kidd-Gilchrist,2016-2017,2631.0,
Michael Kidd-Gilchrist,2017-2018,1754.0,
Michael Kidd-Gilchrist,2014-2015,1801.5,
Michael Kidd-Gilchrist,2013-2014,1313.5,
Michael Kidd-Gilchrist,2012-2013,2183.0,
Michael Kidd-Gilchrist,2015-2016,235.5,
Michael Porter Jr.,2019-2020,1367.0,
Mikal Bridges,2018-2019,2075.0,
Mikal Bridges,2019-2020,1977.0,1.0
Mike Conley,2016-2017,3492.0,
Mike Conley,2019-2020,1536.5,58.0
Mike Conley,2018-2019,3669.0,
Mike Conley,2017-2018,428.0,
Mike Conley,2015-2016,2365.0,
Mike Conley,2012-2013,3427.0,
Mike Conley,2013-2014,3164.5,
Mike Conley,2011-2012,2575.5,
Mike Conley,2010-2011,3366.5,
Mike Conley,2014-2015,2810.0,
Mike Muscala,2013-2014,161.5,
Mike Muscala,2014-2015,625.0,
Mike Muscala,2015-2016,615.5,
Mike Muscala,2016-2017,1335.0,
Mike Muscala,2017-2018,1121.0,
Mike Muscala,2018-2019,1214.5,
Mike Muscala,2019-2020,544.0,
Mike Scott,2017-2018,1435.5,
Mike Scott,2019-2020,1025.5,
Mike Scott,2018-2019,1142.0,
Mike Scott,2016-2017,142.5,
Mike Scott,2014-2015,1170.5,
Mike Scott,2013-2014,1518.0,
Mike Scott,2012-2013,441.0,
Mike Scott,2015-2016,1167.5,
Miles Bridges,2018-2019,1731.0,
Miles Bridges,2019-2020,1984.5,1.0
Mitchell Robinson,2018-2019,2289.5,
Mitchell Robinson,2019-2020,2246.0,61.0
Miye Oni,2019-2020,89.5,
Mo Bamba,2018-2019,1020.0,
Mo Bamba,2019-2020,1295.0,
Monte Morris,2017-2018,42.0,
Monte Morris,2018-2019,2356.5,
Monte Morris,2019-2020,1848.0,
Montrezl Harrell,2018-2019,3747.0,
Montrezl Harrell,2019-2020,2864.0,52.0
Montrezl Harrell,2017-2018,2058.0,
Montrezl Harrell,2016-2017,1448.0,
Montrezl Harrell,2015-2016,387.0,
Moritz Wagner,2018-2019,443.5,
Moritz Wagner,2019-2020,1009.0,
Moses Brown,2019-2020,33.5,
Myles Turner,2015-2016,1734.5,
Myles Turner,2016-2017,3565.5,
Myles Turner,2017-2018,2414.5,
Myles Turner,2018-2019,3283.0,
Myles Turner,2019-2020,2236.5,65.0
Nassir Little,2019-2020,493.5,
Naz Mitrou-Long,2017-2018,5.5,
Naz Mitrou-Long,2018-2019,52.0,
Naz Mitrou-Long,2019-2020,42.5,
Naz Reid,2019-2020,724.0,
Nemanja Bjelica,2018-2019,2311.0,
Nemanja Bjelica,2017-2018,1308.5,
Nemanja Bjelica,2019-2020,2481.0,
Nemanja Bjelica,2015-2016,994.5,
Nemanja Bjelica,2016-2017,1147.5,
Nene,2010-2011,3156.5,
Nene,2011-2012,1507.5,
Nene,2012-2013,2155.5,
Nene,2013-2014,1922.0,
Nene,2014-2015,1865.0,
Nene,2015-2016,1441.5,
Nene,2016-2017,1635.5,
Nene,2017-2018,912.5,
Nene,2018-2019,533.0,
Nerlens Noel,2019-2020,1669.5,
Nerlens Noel,2018-2019,1625.5,
Nerlens Noel,2017-2018,610.0,
Nerlens Noel,2014-2015,3017.5,
Nerlens Noel,2015-2016,2685.5,
Nerlens Noel,2016-2017,1514.5,
Nickeil Alexander-Walker,2019-2020,597.5,
Nicolas Batum,2016-2017,3376.5,
Nicolas Batum,2019-2020,418.0,
Nicolas Batum,2018-2019,2211.0,
Nicolas Batum,2017-2018,2349.5,
Nicolas Batum,2015-2016,3007.0,
Nicolas Batum,2011-2012,1965.5,
Nicolas Batum,2013-2014,3474.5,
Nicolas Batum,2012-2013,3157.0,
Nicolas Batum,2010-2011,2454.0,
Nicolas Batum,2014-2015,2385.0,
Nicolas Claxton,2019-2020,214.5,
Nicolo Melli,2019-2020,1007.0,
Nigel Williams-Goss,2019-2020,46.5,
Nikola Jokic,2015-2016,2771.5,
Nikola Jokic,2016-2017,4192.5,
Nikola Jokic,2017-2018,4741.0,
Nikola Jokic,2018-2019,5606.5,
Nikola Jokic,2019-2020,4680.0,182.0
Nikola Vucevic,2017-2018,2940.5,
Nikola Vucevic,2019-2020,3627.5,120.0
Nikola Vucevic,2018-2019,5308.5,
Nikola Vucevic,2016-2017,3715.5,
Nikola Vucevic,2011-2012,962.5,
Nikola Vucevic,2014-2015,4089.5,
Nikola Vucevic,2012-2013,3731.5,
Nikola Vucevic,2015-2016,3441.0,
Nikola Vucevic,2013-2014,2780.5,
Noah Vonleh,2014-2015,271.0,
Noah Vonleh,2015-2016,940.0,
Noah Vonleh,2016-2017,1171.0,
Noah Vonleh,2017-2018,918.0,
Noah Vonleh,2019-2020,412.0,
Noah Vonleh,2018-2019,2108.0,
Norman Powell,2015-2016,686.0,
Norman Powell,2016-2017,1353.0,
Norman Powell,2017-2018,895.5,
Norman Powell,2018-2019,1165.0,
Norman Powell,2019-2020,1728.0,
Norvel Pelle,2019-2020,291.5,
OG Anunoby,2019-2020,2082.5,
OG Anunoby,2017-2018,1097.5,
OG Anunoby,2018-2019,1126.0,
Omari Spellman,2018-2019,897.0,
Omari Spellman,2019-2020,1002.5,
Oshae Brissett,2019-2020,99.5,
Otto Porter Jr.,2013-2014,191.0,
Otto Porter Jr.,2014-2015,1222.0,
Otto Porter Jr.,2015-2016,2377.0,
Otto Porter Jr.,2016-2017,3075.0,
Otto Porter Jr.,2017-2018,3153.5,
Otto Porter Jr.,2018-2019,2082.5,
Otto Porter Jr.,2019-2020,369.5,21.0
P.J. Tucker,2019-2020,1798.0,
P.J. Tucker,2018-2019,2086.5,
P.J. Tucker,2017-2018,1579.0,
P.J. Tucker,2016-2017,1887.0,
P.J. Tucker,2014-2015,2156.0,
P.J. Tucker,2013-2014,2395.5,
P.J. Tucker,2015-2016,2238.5,
P.J. Tucker,2012-2013,1635.5,
P.J. Washington,2019-2020,1764.5,
PJ Dozier,2017-2018,2.0,
PJ Dozier,2018-2019,75.0,
PJ Dozier,2019-2020,461.5,
Pascal Siakam,2018-2019,3609.0,
Pascal Siakam,2019-2020,3014.5,52.0
Pascal Siakam,2016-2017,820.0,
Pascal Siakam,2017-2018,1894.5,
Pat Connaughton,2015-2016,91.0,
Pat Connaughton,2016-2017,271.5,
Pat Connaughton,2017-2018,1092.5,
Pat Connaughton,2018-2019,1347.0,
Pat Connaughton,2019-2020,1173.0,
Patrick Beverley,2017-2018,350.0,
Patrick Beverley,2019-2020,1449.0,
Patrick Beverley,2018-2019,2284.0,
Patrick Beverley,2016-2017,2317.5,
Patrick Beverley,2012-2013,864.5,
Patrick Beverley,2014-2015,1643.0,
Patrick Beverley,2013-2014,1568.0,
Patrick Beverley,2015-2016,2100.5,
Patrick McCaw,2016-2017,779.5,
Patrick McCaw,2017-2018,665.5,
Patrick McCaw,2018-2019,270.0,
Patrick McCaw,2019-2020,613.5,
Patrick Patterson,2016-2017,1279.5,
Patrick Patterson,2018-2019,591.0,
Patrick Patterson,2017-2018,965.0,
Patrick Patterson,2015-2016,1540.0,
Patrick Patterson,2019-2020,639.5,
Patrick Patterson,2013-2014,1587.0,
Patrick Patterson,2010-2011,1066.0,
Patrick Patterson,2014-2015,2125.0,
Patrick Patterson,2012-2013,1914.0,
Patrick Patterson,2011-2012,1362.0,
Patty Mills,2019-2020,1536.0,
Patty Mills,2018-2019,1936.0,
Patty Mills,2017-2018,1857.5,
Patty Mills,2015-2016,1745.5,
Patty Mills,2016-2017,1943.5,
Patty Mills,2013-2014,1861.0,
Patty Mills,2012-2013,649.0,
Patty Mills,2011-2012,363.0,
Patty Mills,2010-2011,779.0,
Patty Mills,2014-2015,789.5,
Paul George,2019-2020,2297.0,97.0
Paul George,2018-2019,4971.5,
Paul George,2017-2018,3841.5,
Paul George,2016-2017,3851.0,
Paul George,2015-2016,4238.0,
Paul George,2014-2015,105.5,
Paul George,2012-2013,3795.0,
Paul George,2011-2012,2196.5,
Paul George,2010-2011,1229.0,
Paul George,2013-2014,3938.5,
Paul Millsap,2019-2020,1553.5,2.0
Paul Millsap,2018-2019,2684.0,
Paul Millsap,2017-2018,1514.5,
Paul Millsap,2016-2017,3386.5,
Paul Millsap,2015-2016,4442.5,
Paul Millsap,2013-2014,3869.0,
Paul Millsap,2012-2013,3375.0,
Paul Millsap,2011-2012,3218.0,
Paul Millsap,2010-2011,3655.5,
Paul Millsap,2014-2015,3483.5,
Paul Watson,2019-2020,89.5,
Quinn Cook,2018-2019,1160.5,
Quinn Cook,2016-2017,174.0,
Quinn Cook,2017-2018,747.0,
Quinn Cook,2019-2020,452.5,
Quinndary Weatherspoon,2019-2020,51.0,
RJ Barrett,2019-2020,1657.5,11.0
Rajon Rondo,2019-2020,1188.5,1.0
Rajon Rondo,2018-2019,1858.0,
Rajon Rondo,2016-2017,2382.5,
Rajon Rondo,2015-2016,4144.5,
Rajon Rondo,2017-2018,2498.5,
Rajon Rondo,2013-2014,1382.0,
Rajon Rondo,2012-2013,2251.0,
Rajon Rondo,2011-2012,2917.5,
Rajon Rondo,2010-2011,3683.5,
Rajon Rondo,2014-2015,2677.0,
Raul Neto,2019-2020,700.0,
Raul Neto,2015-2016,1207.0,
Raul Neto,2016-2017,311.5,
Raul Neto,2017-2018,485.5,
Raul Neto,2018-2019,563.5,
Ray Spalding,2018-2019,203.5,
Rayjon Tucker,2019-2020,110.5,
Reggie Bullock,2013-2014,236.5,
Reggie Bullock,2014-2015,184.0,
Reggie Bullock,2015-2016,343.5,
Reggie Bullock,2016-2017,387.5,
Reggie Bullock,2017-2018,1538.0,
Reggie Bullock,2018-2019,1515.5,
Reggie Bullock,2019-2020,543.5,
Reggie Jackson,2019-2020,861.0,
Reggie Jackson,2018-2019,2756.0,
Reggie Jackson,2017-2018,1546.0,
Reggie Jackson,2016-2017,1785.5,
Reggie Jackson,2012-2013,1039.5,
Reggie Jackson,2014-2015,3100.5,
Reggie Jackson,2013-2014,2575.5,
Reggie Jackson,2011-2012,413.0,
Reggie Jackson,2015-2016,3440.5,
Richaun Holmes,2019-2020,1772.0,
Richaun Holmes,2018-2019,1858.0,
Richaun Holmes,2016-2017,1671.5,
Richaun Holmes,2015-2016,840.5,
Richaun Holmes,2017-2018,1016.5,
Ricky Rubio,2011-2012,1763.0,
Ricky Rubio,2012-2013,2339.5,
Ricky Rubio,2013-2014,3483.5,
Ricky Rubio,2014-2015,984.5,
Ricky Rubio,2015-2016,3309.0,
Ricky Rubio,2016-2017,3508.5,
Ricky Rubio,2017-2018,2910.0,
Ricky Rubio,2018-2019,2500.5,
Ricky Rubio,2019-2020,3058.5,125.0
Robert Covington,2019-2020,2434.5,8.0
Robert Covington,2018-2019,1285.0,
Robert Covington,2016-2017,2435.5,
Robert Covington,2017-2018,2753.5,
Robert Covington,2014-2015,2072.5,
Robert Covington,2013-2014,33.5,
Robert Covington,2015-2016,2101.0,
Robert Williams III,2018-2019,421.5,
Robert Williams III,2019-2020,589.0,
Robin Lopez,2013-2014,3291.5,
Robin Lopez,2010-2011,1111.5,
Robin Lopez,2011-2012,1048.5,
Robin Lopez,2012-2013,2721.0,
Robin Lopez,2014-2015,1869.0,
Robin Lopez,2015-2016,2875.0,
Robin Lopez,2016-2017,2621.5,
Robin Lopez,2017-2018,1943.5,
Robin Lopez,2018-2019,1888.5,
Robin Lopez,2019-2020,914.0,
Rodions Kurucs,2018-2019,1255.5,
Rodions Kurucs,2019-2020,566.0,
Rodney Hood,2018-2019,1733.0,
Rodney Hood,2019-2020,485.5,
Rodney Hood,2017-2018,1688.5,
Rodney Hood,2016-2017,1495.0,
Rodney Hood,2015-2016,2438.5,
Rodney Hood,2014-2015,966.5,
Rodney McGruder,2016-2017,1413.0,
Rodney McGruder,2017-2018,246.0,
Rodney McGruder,2018-2019,1292.5,
Rodney McGruder,2019-2020,566.0,
Romeo Langford,2019-2020,217.0,
Rondae Hollis-Jefferson,2019-2020,1380.0,
Rondae Hollis-Jefferson,2018-2019,1476.0,
Rondae Hollis-Jefferson,2017-2018,2594.0,
Rondae Hollis-Jefferson,2016-2017,2129.5,
Rondae Hollis-Jefferson,2015-2016,683.5,
Royce O'Neale,2017-2018,1038.5,
Royce O'Neale,2018-2019,1350.5,
Royce O'Neale,2019-2020,1642.5,
Rudy Gay,2019-2020,1789.5,1.0
Rudy Gay,2018-2019,2538.5,
Rudy Gay,2017-2018,1622.0,
Rudy Gay,2016-2017,1359.0,
Rudy Gay,2015-2016,2862.0,
Rudy Gay,2013-2014,3291.0,
Rudy Gay,2012-2013,3150.0,
Rudy Gay,2011-2012,2917.0,
Rudy Gay,2010-2011,2615.0,
Rudy Gay,2014-2015,3192.0,
Rudy Gobert,2017-2018,2850.5,
Rudy Gobert,2013-2014,449.0,
Rudy Gobert,2014-2015,3309.5,
Rudy Gobert,2015-2016,2546.0,
Rudy Gobert,2016-2017,4603.5,
Rudy Gobert,2018-2019,5049.5,
Rudy Gobert,2019-2020,3843.0,93.0
Rui Hachimura,2019-2020,1501.5,
Russell Westbrook,2017-2018,6420.0,
Russell Westbrook,2016-2017,7319.0,
Russell Westbrook,2019-2020,3815.5,160.0
Russell Westbrook,2018-2019,5936.0,
Russell Westbrook,2015-2016,6088.5,
Russell Westbrook,2014-2015,4965.5,
Russell Westbrook,2013-2014,2506.0,
Russell Westbrook,2012-2013,4931.0,
Russell Westbrook,2011-2012,3523.5,
Russell Westbrook,2010-2011,5009.0,
Ryan Anderson,2019-2020,17.5,
Ryan Anderson,2018-2019,175.5,
Ryan Anderson,2017-2018,1472.5,
Ryan Anderson,2016-2017,2016.5,
Ryan Anderson,2015-2016,2361.0,
Ryan Anderson,2014-2015,1733.0,
Ryan Anderson,2013-2014,924.0,
Ryan Anderson,2012-2013,2917.0,
Ryan Anderson,2011-2012,2478.0,
Ryan Anderson,2010-2011,1755.5,
Ryan Arcidiacono,2017-2018,188.0,
Ryan Arcidiacono,2018-2019,1763.5,
Ryan Arcidiacono,2019-2020,715.5,
Ryan Broekhoff,2019-2020,187.5,
Ryan Broekhoff,2018-2019,362.0,
Sekou Doumbouya,2019-2020,537.5,
Semi Ojeleye,2017-2018,511.5,
Semi Ojeleye,2018-2019,417.5,
Semi Ojeleye,2019-2020,626.0,
Serge Ibaka,2019-2020,2184.0,4.0
Serge Ibaka,2018-2019,3132.5,
Serge Ibaka,2017-2018,2466.0,
Serge Ibaka,2016-2017,3069.5,
Serge Ibaka,2015-2016,2828.0,
Serge Ibaka,2014-2015,2779.5,
Serge Ibaka,2013-2014,3883.0,
Serge Ibaka,2012-2013,3505.5,
Serge Ibaka,2011-2012,2697.0,
Serge Ibaka,2010-2011,2969.0,
Seth Curry,2019-2020,1638.0,
Seth Curry,2018-2019,1180.5,
Seth Curry,2016-2017,2069.5,
Seth Curry,2013-2014,11.5,
Seth Curry,2014-2015,2.5,
Seth Curry,2015-2016,681.0,
Shabazz Napier,2014-2015,771.5,
Shabazz Napier,2015-2016,535.5,
Shabazz Napier,2016-2017,549.5,
Shabazz Napier,2017-2018,1575.5,
Shabazz Napier,2018-2019,1236.0,
Shabazz Napier,2019-2020,1575.5,
Shai Gilgeous-Alexander,2018-2019,2438.5,
Shai Gilgeous-Alexander,2019-2020,3075.5,2.0
Shake Milton,2018-2019,245.0,
Shake Milton,2019-2020,899.0,
Shamorie Ponds,2019-2020,24.0,
Shaquille Harrison,2017-2018,492.5,
Shaquille Harrison,2018-2019,1520.5,
Shaquille Harrison,2019-2020,672.5,
Skal Labissiere,2019-2020,698.0,
Skal Labissiere,2018-2019,204.0,
Skal Labissiere,2017-2018,1461.5,
Skal Labissiere,2016-2017,756.0,
Solomon Hill,2018-2019,594.0,
Solomon Hill,2017-2018,133.0,
Solomon Hill,2016-2017,1625.5,
Solomon Hill,2019-2020,955.0,
Solomon Hill,2014-2015,1868.5,
Solomon Hill,2013-2014,127.5,
Solomon Hill,2015-2016,788.5,
Spencer Dinwiddie,2014-2015,499.0,
Spencer Dinwiddie,2015-2016,139.0,
Spencer Dinwiddie,2016-2017,1347.5,
Spencer Dinwiddie,2017-2018,3034.0,
Spencer Dinwiddie,2018-2019,2444.5,
Spencer Dinwiddie,2019-2020,2983.5,
Stanley Johnson,2018-2019,1124.5,
Stanley Johnson,2019-2020,167.5,
Stanley Johnson,2016-2017,1024.0,
Stanley Johnson,2015-2016,1417.5,
Stanley Johnson,2017-2018,1534.0,
Stanton Kidd,2019-2020,-2.5,
Stephen Curry,2019-2020,218.0,181.0
Stephen Curry,2018-2019,3982.0,
Stephen Curry,2017-2018,3008.0,
Stephen Curry,2015-2016,5449.0,
Stephen Curry,2016-2017,4693.0,
Stephen Curry,2013-2014,4820.0,
Stephen Curry,2012-2013,4385.0,
Stephen Curry,2011-2012,1058.5,
Stephen Curry,2010-2011,3433.5,
Stephen Curry,2014-2015,5010.5,
Sterling Brown,2017-2018,617.5,
Sterling Brown,2018-2019,958.0,
Sterling Brown,2019-2020,716.5,
Steven Adams,2018-2019,3739.5,
Steven Adams,2019-2020,2587.0,30.0
Steven Adams,2017-2018,3513.0,
Steven Adams,2013-2014,1162.5,
Steven Adams,2015-2016,2242.0,
Steven Adams,2014-2015,2018.0,
Steven Adams,2016-2017,2909.5,
Svi Mykhailiuk,2018-2019,297.5,
Svi Mykhailiuk,2019-2020,1088.5,
T.J. McConnell,2015-2016,1960.0,
T.J. McConnell,2016-2017,2588.0,
T.J. McConnell,2017-2018,1863.0,
T.J. McConnell,2018-2019,1680.5,
T.J. McConnell,2019-2020,1823.5,
T.J. Warren,2017-2018,2767.5,
T.J. Warren,2018-2019,1655.0,
T.J. Warren,2019-2020,2785.5,2.0
T.J. Warren,2016-2017,2353.5,
T.J. Warren,2014-2015,590.0,
T.J. Warren,2015-2016,1191.5,
TJ Leaf,2017-2018,368.5,
TJ Leaf,2018-2019,648.5,
TJ Leaf,2019-2020,266.5,
Tacko Fall,2019-2020,69.0,
Taj Gibson,2019-2020,1180.0,
Taj Gibson,2018-2019,2276.5,
Taj Gibson,2017-2018,2972.5,
Taj Gibson,2016-2017,2362.0,
Taj Gibson,2015-2016,2243.0,
Taj Gibson,2014-2015,2004.5,
Taj Gibson,2013-2014,2927.0,
Taj Gibson,2012-2013,1707.5,
Taj Gibson,2011-2012,1608.0,
Taj Gibson,2010-2011,2033.5,
Talen Horton-Tucker,2019-2020,86.5,
Tariq Owens,2019-2020,11.5,
Taurean Prince,2019-2020,1730.5,1.0
Taurean Prince,2018-2019,1584.0,
Taurean Prince,2017-2018,2663.0,
Taurean Prince,2016-2017,880.5,
Terance Mann,2019-2020,362.0,
Terence Davis,2019-2020,1341.0,
Terrance Ferguson,2017-2018,452.0,
Terrance Ferguson,2018-2019,1132.5,
Terrance Ferguson,2019-2020,561.0,
Terrence Ross,2012-2013,1019.5,
Terrence Ross,2013-2014,1797.0,
Terrence Ross,2014-2015,1681.0,
Terrence Ross,2015-2016,1518.0,
Terrence Ross,2016-2017,1881.0,
Terrence Ross,2017-2018,518.0,
Terrence Ross,2018-2019,2482.5,
Terrence Ross,2019-2020,1961.5,1.0
Terry Rozier,2019-2020,2440.0,12.0
Terry Rozier,2018-2019,1977.0,
Terry Rozier,2017-2018,2364.0,
Terry Rozier,2016-2017,1210.0,
Terry Rozier,2015-2016,239.0,
Thabo Sefolosha,2010-2011,1600.5,
Thabo Sefolosha,2011-2012,652.5,
Thabo Sefolosha,2012-2013,1928.0,
Thabo Sefolosha,2013-2014,1179.0,
Thabo Sefolosha,2014-2015,1016.5,
Thabo Sefolosha,2015-2016,1585.5,
Thabo Sefolosha,2016-2017,1501.0,
Thabo Sefolosha,2017-2018,887.5,
Thabo Sefolosha,2018-2019,580.0,
Thabo Sefolosha,2019-2020,376.5,
Thaddeus Young,2019-2020,1741.5,2.0
Thaddeus Young,2018-2019,3104.5,
Thaddeus Young,2017-2018,2875.5,
Thaddeus Young,2016-2017,2424.0,
Thaddeus Young,2015-2016,3297.5,
Thaddeus Young,2013-2014,3390.0,
Thaddeus Young,2012-2013,3392.0,
Thaddeus Young,2011-2012,2102.0,
Thaddeus Young,2010-2011,2559.5,
Thaddeus Young,2014-2015,2758.0,
Thanasis Antetokounmpo,2015-2016,10.5,
Thanasis Antetokounmpo,2019-2020,151.0,
Theo Pinson,2018-2019,172.0,
Theo Pinson,2019-2020,327.0,
Thomas Bryant,2017-2018,66.5,
Thomas Bryant,2018-2019,2323.5,
Thomas Bryant,2019-2020,1713.5,27.0
Thon Maker,2016-2017,625.5,
Thon Maker,2017-2018,1124.0,
Thon Maker,2018-2019,974.5,
Thon Maker,2019-2020,854.0,
Tim Frazier,2019-2020,374.5,
Tim Frazier,2018-2019,1257.5,
Tim Frazier,2017-2018,904.5,
Tim Frazier,2016-2017,1732.0,
Tim Frazier,2014-2015,235.0,
Tim Frazier,2015-2016,892.5,
Tim Hardaway Jr.,2018-2019,2212.5,
Tim Hardaway Jr.,2017-2018,2040.0,
Tim Hardaway Jr.,2016-2017,2316.0,
Tim Hardaway Jr.,2019-2020,2139.0,
Tim Hardaway Jr.,2014-2015,1492.5,
Tim Hardaway Jr.,2013-2014,1441.5,
Tim Hardaway Jr.,2015-2016,709.5,
Timothe Luwawu-Cabarrot,2016-2017,944.0,
Timothe Luwawu-Cabarrot,2017-2018,584.0,
Timothe Luwawu-Cabarrot,2018-2019,522.5,
Timothe Luwawu-Cabarrot,2019-2020,742.5,
Tobias Harris,2017-2018,3270.5,
Tobias Harris,2019-2020,3311.0,30.0
Tobias Harris,2018-2019,3824.5,
Tobias Harris,2016-2017,2903.0,
Tobias Harris,2013-2014,2093.0,
Tobias Harris,2014-2015,2699.0,
Tobias Harris,2012-2013,1607.0,
Tobias Harris,2011-2012,497.0,
Tobias Harris,2015-2016,2874.0,
Tomas Satoransky,2016-2017,578.0,
Tomas Satoransky,2017-2018,1851.0,
Tomas Satoransky,2018-2019,2520.5,
Tomas Satoransky,2019-2020,2088.5,1.0
Tony Bradley,2017-2018,26.5,
Tony Bradley,2018-2019,69.5,
Tony Bradley,2019-2020,1006.5,
Tony Snell,2017-2018,1291.5,
Tony Snell,2018-2019,1085.0,
Tony Snell,2016-2017,1592.0,
Tony Snell,2019-2020,1152.0,
Tony Snell,2014-2015,1011.0,
Tony Snell,2013-2014,792.5,
Tony Snell,2015-2016,823.0,
Torrey Craig,2017-2018,505.0,
Torrey Craig,2018-2019,1339.5,
Torrey Craig,2019-2020,933.5,
Trae Young,2018-2019,4067.5,
Trae Young,2019-2020,4028.5,90.0
Tremont Waters,2019-2020,101.5,
Treveon Graham,2016-2017,141.5,
Treveon Graham,2017-2018,741.0,
Treveon Graham,2018-2019,464.5,
Treveon Graham,2019-2020,595.0,
Trevor Ariza,2018-2019,2377.5,
Trevor Ariza,2017-2018,1856.0,
Trevor Ariza,2019-2020,1229.0,
Trevor Ariza,2015-2016,2654.0,
Trevor Ariza,2016-2017,2582.5,
Trevor Ariza,2013-2014,2832.5,
Trevor Ariza,2012-2013,1461.0,
Trevor Ariza,2011-2012,1355.0,
Trevor Ariza,2010-2011,2230.0,
Trevor Ariza,2014-2015,2719.5,
Trey Burke,2019-2020,633.0,
Trey Burke,2017-2018,1209.0,
Trey Burke,2016-2017,669.5,
Trey Burke,2018-2019,1438.0,
Trey Burke,2014-2015,2330.0,
Trey Burke,2013-2014,2269.0,
Trey Burke,2015-2016,1385.0,
Trey Lyles,2015-2016,1223.0,
Trey Lyles,2016-2017,1047.0,
Trey Lyles,2017-2018,1827.5,
Trey Lyles,2018-2019,1265.5,
Trey Lyles,2019-2020,1282.5,
Tristan Thompson,2019-2020,2391.5,1.0
Tristan Thompson,2018-2019,1743.0,
Tristan Thompson,2017-2018,1076.5,
Tristan Thompson,2016-2017,2642.0,
Tristan Thompson,2013-2014,2936.0,
Tristan Thompson,2014-2015,2366.5,
Tristan Thompson,2012-2013,3244.5,
Tristan Thompson,2011-2012,1570.5,
Tristan Thompson,2015-2016,2525.0,
Troy Brown Jr.,2018-2019,735.0,
Troy Brown Jr.,2019-2020,2081.5,
Troy Daniels,2019-2020,349.5,
Troy Daniels,2018-2019,622.0,
Troy Daniels,2017-2018,1194.0,
Troy Daniels,2016-2017,942.0,
Troy Daniels,2015-2016,468.0,
Troy Daniels,2014-2015,303.5,
Troy Daniels,2013-2014,27.5,
Ty Jerome,2019-2020,305.5,
Tyler Cook,2019-2020,61.5,
Tyler Herro,2019-2020,1511.5,2.0
Tyler Johnson,2019-2020,621.5,
Tyler Johnson,2018-2019,1564.5,
Tyler Johnson,2017-2018,2012.0,
Tyler Johnson,2016-2017,2560.0,
Tyler Johnson,2015-2016,821.0,
Tyler Johnson,2014-2015,543.0,
Tyrone Wallace,2017-2018,749.0,
Tyrone Wallace,2018-2019,536.5,
Tyrone Wallace,2019-2020,105.0,
Tyson Chandler,2019-2020,170.0,
Tyson Chandler,2018-2019,845.0,
Tyson Chandler,2017-2018,1222.5,
Tyson Chandler,2016-2017,1570.0,
Tyson Chandler,2015-2016,1910.0,
Tyson Chandler,2013-2014,1927.5,
Tyson Chandler,2012-2013,2628.0,
Tyson Chandler,2011-2012,2546.0,
Tyson Chandler,2010-2011,2555.0,
Tyson Chandler,2014-2015,3151.5,
Tyus Jones,2019-2020,1550.5,
Tyus Jones,2018-2019,1829.0,
Tyus Jones,2017-2018,1504.5,
Tyus Jones,2016-2017,837.5,
Tyus Jones,2015-2016,559.0,
Udonis Haslem,2010-2011,350.0,
Udonis Haslem,2011-2012,1353.5,
Udonis Haslem,2012-2013,1098.0,
Udonis Haslem,2013-2014,495.5,
Udonis Haslem,2014-2015,873.5,
Udonis Haslem,2015-2016,208.5,
Udonis Haslem,2016-2017,106.5,
Udonis Haslem,2017-2018,33.5,
Udonis Haslem,2018-2019,64.5,
Udonis Haslem,2019-2020,33.0,
Vic Law,2019-2020,37.5,
Victor Oladipo,2019-2020,559.0,1.0
Victor Oladipo,2017-2018,4074.0,
Victor Oladipo,2016-2017,2358.5,
Victor Oladipo,2018-2019,1712.5,
Victor Oladipo,2014-2015,2947.5,
Victor Oladipo,2013-2014,2771.5,
Victor Oladipo,2015-2016,3001.5,
Vince Carter,2019-2020,725.5,
Vince Carter,2018-2019,1347.0,
Vince Carter,2017-2018,908.5,
Vince Carter,2015-2016,946.5,
Vince Carter,2016-2017,1597.0,
Vince Carter,2013-2014,2302.0,
Vince Carter,2012-2013,2591.5,
Vince Carter,2011-2012,1530.5,
Vince Carter,2010-2011,2224.5,
Vince Carter,2014-2015,911.5,
Vincent Poirier,2019-2020,162.0,
Vlatko Cancar,2019-2020,45.5,
Wayne Ellington,2016-2017,1260.5,
Wayne Ellington,2018-2019,1127.0,
Wayne Ellington,2019-2020,404.5,
Wayne Ellington,2017-2018,1688.5,
Wayne Ellington,2015-2016,1249.5,
Wayne Ellington,2011-2012,676.0,
Wayne Ellington,2013-2014,337.0,
Wayne Ellington,2012-2013,1337.0,
Wayne Ellington,2010-2011,862.5,
Wayne Ellington,2014-2015,1403.5,
Wendell Carter Jr.,2018-2019,1494.5,
Wendell Carter Jr.,2019-2020,1589.5,1.0
Wenyen Gabriel,2019-2020,205.0,
Wes Iwundu,2017-2018,709.5,
Wes Iwundu,2018-2019,952.0,
Wes Iwundu,2019-2020,788.0,
Wesley Matthews,2019-2020,1097.0,
Wesley Matthews,2018-2019,1773.0,
Wesley Matthews,2017-2018,1862.5,
Wesley Matthews,2016-2017,2195.5,
Wesley Matthews,2015-2016,2074.5,
Wesley Matthews,2013-2014,2764.0,
Wesley Matthews,2012-2013,2213.5,
Wesley Matthews,2011-2012,2001.5,
Wesley Matthews,2010-2011,2633.0,
Wesley Matthews,2014-2015,2044.0,
Will Barton,2012-2013,729.0,
Will Barton,2013-2014,382.0,
Will Barton,2014-2015,1048.0,
Will Barton,2015-2016,2817.5,
Will Barton,2016-2017,2052.0,
Will Barton,2017-2018,3258.5,
Will Barton,2018-2019,1219.5,
Will Barton,2019-2020,2320.5,
William Howard,2019-2020,-1.5,
Willie Cauley-Stein,2018-2019,3320.0,
Willie Cauley-Stein,2017-2018,2821.5,
Willie Cauley-Stein,2019-2020,1510.5,1.0
Willie Cauley-Stein,2015-2016,1614.5,
Willie Cauley-Stein,2016-2017,1806.0,
Willy Hernangomez,2016-2017,1962.5,
Willy Hernangomez,2017-2018,776.0,
Willy Hernangomez,2018-2019,1240.5,
Willy Hernangomez,2019-2020,516.0,
Wilson Chandler,2010-2011,2694.0,
Wilson Chandler,2011-2012,205.5,
Wilson Chandler,2012-2013,1271.0,
Wilson Chandler,2013-2014,1859.5,
Wilson Chandler,2014-2015,2534.0,
Wilson Chandler,2016-2017,2610.0,
Wilson Chandler,2017-2018,2063.0,
Wilson Chandler,2018-2019,946.5,
Wilson Chandler,2019-2020,546.5,
Yogi Ferrell,2019-2020,518.0,
Yogi Ferrell,2018-2019,1091.5,
Yogi Ferrell,2016-2017,1211.5,
Yogi Ferrell,2017-2018,2026.5,
Yuta Watanabe,2018-2019,99.5,
Yuta Watanabe,2019-2020,103.0,
Zach Collins,2017-2018,834.5,
Zach Collins,2018-2019,1516.0,
Zach Collins,2019-2020,202.0,1.0
Zach LaVine,2019-2020,2963.0,81.0
Zach LaVine,2018-2019,3044.0,
Zach LaVine,2017-2018,815.5,
Zach LaVine,2015-2016,2470.0,
Zach LaVine,2014-2015,1861.0,
Zach LaVine,2016-2017,1777.5,
Zach Norvell Jr.,2019-2020,24.0,
Zhaire Smith,2018-2019,97.0,
Zhaire Smith,2019-2020,19.0,
Zion Williamson,2019-2020,1132.0,37.0
Zylan Cheatham,2019-2020,37.5,
